date,wiki,article,views,project_views,per_million
2024-09-21,cs,Přerušovaný půst,6,1979948,3.0304
2024-09-22,cs,Přerušovaný půst,15,2130532,7.0405
2024-09-23,cs,Přerušovaný půst,18,2171356,8.2898
2024-09-24,cs,Přerušovaný půst,16,2256485,7.0907
2024-09-25,cs,Přerušovaný půst,21,2206512,9.5173
2024-09-26,cs,Přerušovaný půst,19,2211744,8.5905
2024-09-27,cs,Přerušovaný půst,11,2148674,5.1194
2024-09-28,cs,Přerušovaný půst,11,2377685,4.6263
2024-09-29,cs,Přerušovaný půst,14,2337100,5.9903
2024-09-30,cs,Přerušovaný půst,17,2262064,7.5153
2024-10-01,cs,Přerušovaný půst,11,2278372,4.8280
2024-10-02,cs,Přerušovaný půst,14,2338268,5.9873
2024-10-03,cs,Přerušovaný půst,7,2240543,3.1242
2024-10-04,cs,Přerušovaný půst,8,2149320,3.7221
2024-10-05,cs,Přerušovaný půst,17,2271345,7.4846
2024-10-06,cs,Přerušovaný půst,18,2364865,7.6114
2024-10-07,cs,Přerušovaný půst,21,2296608,9.1439
2024-10-08,cs,Přerušovaný půst,11,2282424,4.8194
2024-10-09,cs,Přerušovaný půst,14,2337583,5.9891
2024-10-10,cs,Přerušovaný půst,10,2265964,4.4131
2024-10-11,cs,Přerušovaný půst,8,2136253,3.7449
2024-10-12,cs,Přerušovaný půst,6,2338703,2.5655
2024-10-13,cs,Přerušovaný půst,15,2473488,6.0643
2024-10-14,cs,Přerušovaný půst,11,2332578,4.7158
2024-10-15,cs,Přerušovaný půst,12,2313989,5.1859
2024-10-16,cs,Přerušovaný půst,81,2241870,36.1306
2024-10-17,cs,Přerušovaný půst,110,2254682,48.7874
2024-10-18,cs,Přerušovaný půst,74,2115875,34.9737
2024-10-19,cs,Přerušovaný půst,18,2250673,7.9976
2024-10-20,cs,Přerušovaný půst,12,2321290,5.1695
2024-10-21,cs,Přerušovaný půst,19,2332679,8.1451
2024-10-22,cs,Přerušovaný půst,17,2322859,7.3186
2024-10-23,cs,Přerušovaný půst,9,2763635,3.2566
2024-10-24,cs,Přerušovaný půst,15,2171612,6.9073
2024-10-25,cs,Přerušovaný půst,11,2056154,5.3498
2024-10-26,cs,Přerušovaný půst,15,2220406,6.7555
2024-10-27,cs,Přerušovaný půst,13,2324626,5.5923
2024-10-28,cs,Přerušovaný půst,17,2493500,6.8177
2024-10-29,cs,Přerušovaný půst,12,2192810,5.4724
2024-10-30,cs,Přerušovaný půst,18,2211861,8.1379
2024-10-31,cs,Přerušovaný půst,10,2186661,4.5732
2024-11-01,cs,Přerušovaný půst,8,2087252,3.8328
2024-11-02,cs,Přerušovaný půst,12,2250817,5.3314
2024-11-03,cs,Přerušovaný půst,13,2607645,4.9853
2024-11-04,cs,Přerušovaný půst,11,2411597,4.5613
2024-11-05,cs,Přerušovaný půst,50,2401081,20.8240
2024-11-06,cs,Přerušovaný půst,29,2434936,11.9100
2024-11-07,cs,Přerušovaný půst,15,2267467,6.6153
2024-11-08,cs,Přerušovaný půst,13,2113939,6.1497
2024-11-09,cs,Přerušovaný půst,12,2205887,5.4400
2024-11-10,cs,Přerušovaný půst,8,2382717,3.3575
2024-11-11,cs,Přerušovaný půst,12,2325750,5.1596
2024-11-12,cs,Přerušovaný půst,5,2343903,2.1332
2024-11-13,cs,Přerušovaný půst,4,2262312,1.7681
2024-11-14,cs,Přerušovaný půst,5,2166027,2.3084
2024-11-15,cs,Přerušovaný půst,9,2097213,4.2914
2024-11-16,cs,Přerušovaný půst,6,2195024,2.7335
2024-11-17,cs,Přerušovaný půst,9,2544198,3.5375
2024-11-18,cs,Přerušovaný půst,4,2381864,1.6794
2024-11-19,cs,Přerušovaný půst,9,2378060,3.7846
2024-11-20,cs,Přerušovaný půst,8,2296178,3.4841
2024-11-21,cs,Přerušovaný půst,5,2209514,2.2629
2024-11-22,cs,Přerušovaný půst,7,2112393,3.3138
2024-11-23,cs,Přerušovaný půst,5,2233644,2.2385
2024-11-24,cs,Přerušovaný půst,17,2501705,6.7954
2024-11-25,cs,Přerušovaný půst,16,2349232,6.8107
2024-11-26,cs,Přerušovaný půst,7,2379053,2.9423
2024-11-27,cs,Přerušovaný půst,7,2289273,3.0577
2024-11-28,cs,Přerušovaný půst,9,2185043,4.1189
2024-11-29,cs,Přerušovaný půst,8,2216552,3.6092
2024-11-30,cs,Přerušovaný půst,6,2221894,2.7004
2024-12-01,cs,Přerušovaný půst,6,2292592,2.6171
2024-12-02,cs,Přerušovaný půst,13,2309635,5.6286
2024-12-03,cs,Přerušovaný půst,7,2364375,2.9606
2024-12-04,cs,Přerušovaný půst,5,2333223,2.1430
2024-12-05,cs,Přerušovaný půst,6,2090235,2.8705
2024-12-06,cs,Přerušovaný půst,4,2016911,1.9832
2024-12-07,cs,Přerušovaný půst,10,2179922,4.5873
2024-12-08,cs,Přerušovaný půst,7,2490655,2.8105
2024-12-09,cs,Přerušovaný půst,23,2365266,9.7241
2024-12-10,cs,Přerušovaný půst,8,2302203,3.4749
2024-12-11,cs,Přerušovaný půst,4,2217279,1.8040
2024-12-12,cs,Přerušovaný půst,8,2145836,3.7282
2024-12-13,cs,Přerušovaný půst,6,2036603,2.9461
2024-12-14,cs,Přerušovaný půst,3,2362745,1.2697
2024-12-15,cs,Přerušovaný půst,5,2446757,2.0435
2024-12-16,cs,Přerušovaný půst,7,2234596,3.1326
2024-12-17,cs,Přerušovaný půst,4,2154895,1.8562
2024-12-18,cs,Přerušovaný půst,6,2026693,2.9605
2024-12-19,cs,Přerušovaný půst,8,1893469,4.2250
2024-12-20,cs,Přerušovaný půst,8,1982641,4.0350
2024-12-21,cs,Přerušovaný půst,4,2025642,1.9747
2024-12-22,cs,Přerušovaný půst,6,2132927,2.8130
2024-12-23,cs,Přerušovaný půst,4,1956938,2.0440
2024-12-24,cs,Přerušovaný půst,3,2257084,1.3291
2024-12-25,cs,Přerušovaný půst,17,2658691,6.3941
2024-12-26,cs,Přerušovaný půst,14,2578716,5.4291
2024-12-27,cs,Přerušovaný půst,19,2334472,8.1389
2024-12-28,cs,Přerušovaný půst,26,2568933,10.1209
2024-12-29,cs,Přerušovaný půst,19,2679394,7.0912
2024-12-30,cs,Přerušovaný půst,25,2449285,10.2071
2024-12-31,cs,Přerušovaný půst,9,2472148,3.6406
2025-01-01,cs,Přerušovaný půst,43,2935168,14.6499
2025-01-02,cs,Přerušovaný půst,26,2606799,9.9739
2025-01-03,cs,Přerušovaný půst,30,2738432,10.9552
2025-01-04,cs,Přerušovaný půst,24,2872090,8.3563
2025-01-05,cs,Přerušovaný půst,28,2938754,9.5278
2025-01-06,cs,Přerušovaný půst,22,2714205,8.1055
2025-01-07,cs,Přerušovaný půst,15,2757533,5.4396
2025-01-08,cs,Přerušovaný půst,18,2748159,6.5498
2025-01-09,cs,Přerušovaný půst,16,2671719,5.9887
2025-01-10,cs,Přerušovaný půst,8,2529614,3.1625
2025-01-11,cs,Přerušovaný půst,6,2733523,2.1950
2025-01-12,cs,Přerušovaný půst,14,2804549,4.9919
2025-01-13,cs,Přerušovaný půst,8,2693541,2.9701
2025-01-14,cs,Přerušovaný půst,9,2777170,3.2407
2025-01-15,cs,Přerušovaný půst,12,2762469,4.3439
2025-01-16,cs,Přerušovaný půst,15,2674110,5.6093
2025-01-17,cs,Přerušovaný půst,13,2412336,5.3890
2025-01-18,cs,Přerušovaný půst,8,2476338,3.2306
2025-01-19,cs,Přerušovaný půst,13,2662170,4.8832
2025-01-20,cs,Přerušovaný půst,25,2792685,8.9520
2025-01-21,cs,Přerušovaný půst,8,2838672,2.8182
2025-01-22,cs,Přerušovaný půst,10,2711172,3.6884
2025-01-23,cs,Přerušovaný půst,13,2774680,4.6852
2025-01-24,cs,Přerušovaný půst,10,2493984,4.0096
2025-01-25,cs,Přerušovaný půst,14,2668772,5.2459
2025-01-26,cs,Přerušovaný půst,19,2833935,6.7045
2025-01-27,cs,Přerušovaný půst,14,2666623,5.2501
2025-01-28,cs,Přerušovaný půst,10,2696031,3.7092
2025-01-29,cs,Přerušovaný půst,16,2587458,6.1837
2025-01-30,cs,Přerušovaný půst,11,2381560,4.6188
2025-01-31,cs,Přerušovaný půst,11,2442350,4.5039
2025-02-01,cs,Přerušovaný půst,11,2668870,4.1216
2025-02-02,cs,Přerušovaný půst,8,2754099,2.9048
2025-02-03,cs,Přerušovaný půst,10,2473118,4.0435
2025-02-04,cs,Přerušovaný půst,19,2456318,7.7352
2025-02-05,cs,Přerušovaný půst,10,2418434,4.1349
2025-02-06,cs,Přerušovaný půst,8,2350650,3.4033
2025-02-07,cs,Přerušovaný půst,4,2287447,1.7487
2025-02-08,cs,Přerušovaný půst,6,2360930,2.5414
2025-02-09,cs,Přerušovaný půst,10,2485552,4.0233
2025-02-10,cs,Přerušovaný půst,12,2334838,5.1395
2025-02-11,cs,Přerušovaný půst,8,2390718,3.3463
2025-02-12,cs,Přerušovaný půst,6,2502135,2.3980
2025-02-13,cs,Přerušovaný půst,16,2534634,6.3125
2025-02-14,cs,Přerušovaný půst,11,2381572,4.6188
2025-02-15,cs,Přerušovaný půst,6,2513440,2.3872
2025-02-16,cs,Přerušovaný půst,8,2727897,2.9327
2025-02-17,cs,Přerušovaný půst,11,2432841,4.5215
2025-02-18,cs,Přerušovaný půst,10,2495428,4.0073
2025-02-19,cs,Přerušovaný půst,6,2525823,2.3755
2025-02-20,cs,Přerušovaný půst,10,2493263,4.0108
2025-02-21,cs,Přerušovaný půst,8,2462256,3.2491
2025-02-22,cs,Přerušovaný půst,7,2574656,2.7188
2025-02-23,cs,Přerušovaný půst,7,2968825,2.3578
2025-02-24,cs,Přerušovaný půst,9,2517884,3.5744
2025-02-25,cs,Přerušovaný půst,6,2499390,2.4006
2025-02-26,cs,Přerušovaný půst,7,2444743,2.8633
2025-02-27,cs,Přerušovaný půst,21,2495821,8.4141
2025-02-28,cs,Přerušovaný půst,17,2201434,7.7222
2025-03-01,cs,Přerušovaný půst,19,2319322,8.1920
2025-03-02,cs,Přerušovaný půst,15,2466713,6.0810
2025-03-03,cs,Přerušovaný půst,9,2412175,3.7311
2025-03-04,cs,Přerušovaný půst,12,2713416,4.4225
2025-03-05,cs,Přerušovaný půst,24,2760651,8.6936
2025-03-06,cs,Přerušovaný půst,13,2532097,5.1341
2025-03-07,cs,Přerušovaný půst,5,2554696,1.9572
2025-03-08,cs,Přerušovaný půst,12,2575619,4.6591
2025-03-09,cs,Přerušovaný půst,20,2467181,8.1064
2025-03-10,cs,Přerušovaný půst,9,2517048,3.5756
2025-03-11,cs,Přerušovaný půst,10,2563189,3.9014
2025-03-12,cs,Přerušovaný půst,9,2412444,3.7307
2025-03-13,cs,Přerušovaný půst,10,2338607,4.2760
2025-03-14,cs,Přerušovaný půst,15,2330047,6.4376
2025-03-15,cs,Přerušovaný půst,11,2415698,4.5535
2025-03-16,cs,Přerušovaný půst,12,2816043,4.2613
2025-03-17,cs,Přerušovaný půst,9,2520236,3.5711
2025-03-18,cs,Přerušovaný půst,13,2356127,5.5175
2025-03-19,cs,Přerušovaný půst,8,2220029,3.6036
2025-03-20,cs,Přerušovaný půst,7,2275955,3.0756
2025-03-21,cs,Přerušovaný půst,12,2115583,5.6722
2025-03-22,cs,Přerušovaný půst,6,2203232,2.7233
2025-03-23,cs,Přerušovaný půst,16,2539307,6.3009
2025-03-24,cs,Přerušovaný půst,10,2401507,4.1641
2025-03-25,cs,Přerušovaný půst,12,2391865,5.0170
2025-03-26,cs,Přerušovaný půst,7,2308013,3.0329
2025-03-27,cs,Přerušovaný půst,14,2190616,6.3909
2025-03-28,cs,Přerušovaný půst,12,2076744,5.7783
2025-03-29,cs,Přerušovaný půst,8,2274648,3.5170
2025-03-30,cs,Přerušovaný půst,14,2347249,5.9644
2025-03-31,cs,Přerušovaný půst,13,2381772,5.4581
2025-04-01,cs,Přerušovaný půst,17,2242326,7.5814
2025-04-02,cs,Přerušovaný půst,27,2322665,11.6246
2025-04-03,cs,Přerušovaný půst,13,2025170,6.4192
2025-04-04,cs,Přerušovaný půst,11,1954414,5.6283
2025-04-05,cs,Přerušovaný půst,6,2130659,2.8160
2025-04-06,cs,Přerušovaný půst,11,2556857,4.3022
2025-04-07,cs,Přerušovaný půst,8,2421892,3.3032
2025-04-08,cs,Přerušovaný půst,15,2309205,6.4957
2025-04-09,cs,Přerušovaný půst,13,2220031,5.8558
2025-04-10,cs,Přerušovaný půst,3,2050692,1.4629
2025-04-11,cs,Přerušovaný půst,1,1961651,0.5098
2025-04-12,cs,Přerušovaný půst,5,1952214,2.5612
2025-04-13,cs,Přerušovaný půst,7,2163553,3.2354
2025-04-14,cs,Přerušovaný půst,508,2072909,245.0662
2025-04-15,cs,Přerušovaný půst,95,2295241,41.3900
2025-04-16,cs,Přerušovaný půst,23,2070850,11.1066
2025-04-17,cs,Přerušovaný půst,18,2031900,8.8587
2025-04-18,cs,Přerušovaný půst,14,2500908,5.5980
2025-04-19,cs,Přerušovaný půst,25,2161758,11.5647
2025-04-20,cs,Přerušovaný půst,14,2015619,6.9458
2025-04-21,cs,Přerušovaný půst,18,2695085,6.6788
2025-04-22,cs,Přerušovaný půst,14,2260216,6.1941
2025-04-23,cs,Přerušovaný půst,15,2182180,6.8739
2025-04-24,cs,Přerušovaný půst,20,2325827,8.5991
2025-04-25,cs,Přerušovaný půst,12,2377277,5.0478
2025-04-26,cs,Přerušovaný půst,12,2348901,5.1088
2025-04-27,cs,Přerušovaný půst,3,2299376,1.3047
2025-04-28,cs,Přerušovaný půst,14,2373639,5.8981
2025-04-29,cs,Přerušovaný půst,12,2422955,4.9526
2025-04-30,cs,Přerušovaný půst,4,2264236,1.7666
2025-05-01,cs,Přerušovaný půst,3,2391967,1.2542
2025-05-02,cs,Přerušovaný půst,5,2642162,1.8924
2025-05-03,cs,Přerušovaný půst,10,2601549,3.8439
2025-05-04,cs,Přerušovaný půst,13,2604603,4.9912
2025-05-05,cs,Přerušovaný půst,9,2455957,3.6646
2025-05-06,cs,Přerušovaný půst,12,2557490,4.6921
2025-05-07,cs,Přerušovaný půst,6,2476687,2.4226
2025-05-08,cs,Přerušovaný půst,7,3232788,2.1653
2025-05-09,cs,Přerušovaný půst,13,2597418,5.0050
2025-05-10,cs,Přerušovaný půst,5,2443016,2.0467
2025-05-11,cs,Přerušovaný půst,7,2640050,2.6515
2025-05-12,cs,Přerušovaný půst,8,2450156,3.2651
2025-05-13,cs,Přerušovaný půst,4,2245429,1.7814
2025-05-14,cs,Přerušovaný půst,8,2290350,3.4929
2025-05-15,cs,Přerušovaný půst,6,2313184,2.5938
2025-05-16,cs,Přerušovaný půst,4,2205283,1.8138
2025-05-17,cs,Přerušovaný půst,8,2382903,3.3572
2025-05-18,cs,Přerušovaný půst,12,2467398,4.8634
2025-05-19,cs,Přerušovaný půst,4,2412985,1.6577
2025-05-20,cs,Přerušovaný půst,9,2225889,4.0433
2025-05-21,cs,Přerušovaný půst,11,2139512,5.1414
2025-05-22,cs,Přerušovaný půst,7,2343230,2.9873
2025-05-23,cs,Přerušovaný půst,2,2080998,0.9611
2025-05-24,cs,Přerušovaný půst,4,2154007,1.8570
2025-05-25,cs,Přerušovaný půst,2,2475451,0.8079
2025-05-26,cs,Přerušovaný půst,12,2319517,5.1735
2025-05-27,cs,Přerušovaný půst,6,2163341,2.7735
2025-05-28,cs,Přerušovaný půst,10,2248368,4.4477
2025-05-29,cs,Přerušovaný půst,3,2124231,1.4123
2025-05-30,cs,Přerušovaný půst,9,1979962,4.5455
2025-05-31,cs,Přerušovaný půst,6,1964278,3.0546
2025-06-01,cs,Přerušovaný půst,5,2186262,2.2870
2025-06-02,cs,Přerušovaný půst,4,2086987,1.9166
2025-06-03,cs,Přerušovaný půst,7,2068460,3.3842
2025-06-04,cs,Přerušovaný půst,16,1975290,8.1001
2025-06-05,cs,Přerušovaný půst,7,1993103,3.5121
2025-06-06,cs,Přerušovaný půst,13,1911399,6.8013
2025-06-07,cs,Přerušovaný půst,15,2060514,7.2797
2025-06-08,cs,Přerušovaný půst,7,2436559,2.8729
2025-06-09,cs,Přerušovaný půst,9,2057452,4.3743
2025-06-10,cs,Přerušovaný půst,7,1992161,3.5138
2025-06-11,cs,Přerušovaný půst,14,1910307,7.3287
2025-06-12,cs,Přerušovaný půst,8,1817333,4.4021
2025-06-13,cs,Přerušovaný půst,13,1750059,7.4283
2025-06-14,cs,Přerušovaný půst,7,1724842,4.0583
2025-06-15,cs,Přerušovaný půst,8,1913968,4.1798
2025-06-16,cs,Přerušovaný půst,8,2032583,3.9359
2025-06-17,cs,Přerušovaný půst,9,1849460,4.8663
2025-06-18,cs,Přerušovaný půst,10,1772575,5.6415
2025-06-19,cs,Přerušovaný půst,14,1744095,8.0271
2025-06-20,cs,Přerušovaný půst,3,1689435,1.7757
2025-06-21,cs,Přerušovaný půst,10,1707158,5.8577
2025-06-22,cs,Přerušovaný půst,2,1872544,1.0681
2025-06-23,cs,Přerušovaný půst,3,1837947,1.6323
2025-06-24,cs,Přerušovaný půst,2,1756324,1.1387
2025-06-25,cs,Přerušovaný půst,6,1690962,3.5483
2025-06-26,cs,Přerušovaný půst,1,1625425,0.6152
2025-06-27,cs,Přerušovaný půst,7,1659586,4.2179
2025-06-28,cs,Přerušovaný půst,4,1709420,2.3400
2025-06-29,cs,Přerušovaný půst,5,1797275,2.7820
2025-06-30,cs,Přerušovaný půst,14,1641953,8.5264
2025-07-01,cs,Přerušovaný půst,4,1610480,2.4837
2025-07-02,cs,Přerušovaný půst,11,1619386,6.7927
2025-07-03,cs,Přerušovaný půst,8,1716591,4.6604
2025-07-04,cs,Přerušovaný půst,8,1733204,4.6157
2025-07-05,cs,Přerušovaný půst,7,1918321,3.6490
2025-07-06,cs,Přerušovaný půst,3,1958466,1.5318
2025-07-07,cs,Přerušovaný půst,10,1880669,5.3173
2025-07-08,cs,Přerušovaný půst,9,1943265,4.6314
2025-07-09,cs,Přerušovaný půst,3,1803493,1.6634
2025-07-10,cs,Přerušovaný půst,2,1930936,1.0358
2025-07-11,cs,Přerušovaný půst,2,2594513,0.7709
2025-07-12,cs,Přerušovaný půst,6,2641620,2.2713
2025-07-13,cs,Přerušovaný půst,2,1935432,1.0334
2025-07-14,cs,Přerušovaný půst,2,2049722,0.9757
2025-07-15,cs,Přerušovaný půst,6,1759325,3.4104
2025-07-16,cs,Přerušovaný půst,2,1784026,1.1211
2025-07-17,cs,Přerušovaný půst,3,1810200,1.6573
2025-07-18,cs,Přerušovaný půst,3,1765500,1.6992
2025-07-19,cs,Přerušovaný půst,5,2183814,2.2896
2025-07-20,cs,Přerušovaný půst,7,2205132,3.1744
2025-07-21,cs,Přerušovaný půst,4,2061635,1.9402
2025-07-22,cs,Přerušovaný půst,7,2038375,3.4341
2025-07-23,cs,Přerušovaný půst,10,2229819,4.4847
2025-07-24,cs,Přerušovaný půst,5,1961470,2.5491
2025-07-25,cs,Přerušovaný půst,1,1981338,0.5047
2025-07-26,cs,Přerušovaný půst,5,2132877,2.3443
2025-07-27,cs,Přerušovaný půst,3,2269305,1.3220
2025-07-28,cs,Přerušovaný půst,6,1996539,3.0052
2025-07-29,cs,Přerušovaný půst,5,1855486,2.6947
2025-07-30,cs,Přerušovaný půst,6,1971328,3.0436
2025-07-31,cs,Přerušovaný půst,2,1817584,1.1004
2025-08-01,cs,Přerušovaný půst,3,1862549,1.6107
2025-08-02,cs,Přerušovaný půst,4,1882257,2.1251
2025-08-03,cs,Přerušovaný půst,6,2041498,2.9390
2025-08-04,cs,Přerušovaný půst,2,1885658,1.0606
2025-08-05,cs,Přerušovaný půst,2,2055450,0.9730
2025-08-06,cs,Přerušovaný půst,2,1787274,1.1190
2025-08-07,cs,Přerušovaný půst,6,1728585,3.4710
2025-08-08,cs,Přerušovaný půst,4,1777083,2.2509
2025-08-09,cs,Přerušovaný půst,2,1813029,1.1031
2025-08-10,cs,Přerušovaný půst,0,1858245,0
2025-08-11,cs,Přerušovaný půst,7,1809904,3.8676
2025-08-12,cs,Přerušovaný půst,2,1753107,1.1408
2025-08-13,cs,Přerušovaný půst,3,1753913,1.7105
2025-08-14,cs,Přerušovaný půst,2,1708710,1.1705
2025-08-15,cs,Přerušovaný půst,164,1708274,96.0033
2025-08-16,cs,Přerušovaný půst,52,1820588,28.5622
2025-08-17,cs,Přerušovaný půst,12,1960617,6.1205
2025-08-18,cs,Přerušovaný půst,13,1868619,6.9570
2025-08-19,cs,Přerušovaný půst,13,1807590,7.1919
2025-08-20,cs,Přerušovaný půst,6,1746050,3.4363
2025-08-21,cs,Přerušovaný půst,19,1913596,9.9290
2025-08-22,cs,Přerušovaný půst,7,1845674,3.7927
2025-08-23,cs,Přerušovaný půst,8,1850265,4.3237
2025-08-24,cs,Přerušovaný půst,5,1875426,2.6661
2025-08-25,cs,Přerušovaný půst,6,1761062,3.4070
2025-08-26,cs,Přerušovaný půst,8,1953414,4.0954
2025-08-27,cs,Přerušovaný půst,5,2027333,2.4663
2025-08-28,cs,Přerušovaný půst,9,2013591,4.4696
2025-08-29,cs,Přerušovaný půst,4,1864070,2.1458
2025-08-30,cs,Přerušovaný půst,4,1834342,2.1806
2025-08-31,cs,Přerušovaný půst,6,1947356,3.0811
2025-09-01,cs,Přerušovaný půst,9,1653374,5.4434
2025-09-02,cs,Přerušovaný půst,12,1761354,6.8129
2025-09-03,cs,Přerušovaný půst,8,1718940,4.6540
2025-09-04,cs,Přerušovaný půst,7,1719567,4.0708
2025-09-05,cs,Přerušovaný půst,8,1871165,4.2754
2025-09-06,cs,Přerušovaný půst,9,1942144,4.6341
2025-09-07,cs,Přerušovaný půst,3,1977416,1.5171
2025-09-08,cs,Přerušovaný půst,2,1824411,1.0962
2025-09-09,cs,Přerušovaný půst,5,1813650,2.7569
2025-09-10,cs,Přerušovaný půst,2,1887016,1.0599
2025-09-11,cs,Přerušovaný půst,6,1824967,3.2877
2025-09-12,cs,Přerušovaný půst,7,1797025,3.8953
2025-09-13,cs,Přerušovaný půst,8,1860119,4.3008
2025-09-14,cs,Přerušovaný půst,10,2096628,4.7696
2025-09-15,cs,Přerušovaný půst,13,1910025,6.8062
2025-09-16,cs,Přerušovaný půst,9,1930863,4.6611
2025-09-17,cs,Přerušovaný půst,5,1869138,2.6750
2025-09-18,cs,Přerušovaný půst,2,1822427,1.0974
2025-09-19,cs,Přerušovaný půst,2,1923059,1.0400
2025-09-20,cs,Přerušovaný půst,6,1827671,3.2829
2025-09-21,cs,Přerušovaný půst,1,1976222,0.5060
2025-09-22,cs,Přerušovaný půst,5,2061209,2.4258
2025-09-23,cs,Přerušovaný půst,4,2034359,1.9662
2025-09-24,cs,Přerušovaný půst,77,2005541,38.3936
2025-09-25,cs,Přerušovaný půst,18,1990031,9.0451
2025-09-26,cs,Přerušovaný půst,5,1955452,2.5570
2025-09-27,cs,Přerušovaný půst,4,1947612,2.0538
2025-09-28,cs,Přerušovaný půst,9,2174780,4.1383
2025-09-29,cs,Přerušovaný půst,11,2010897,5.4702
2025-09-30,cs,Přerušovaný půst,3,2119392,1.4155
2025-10-01,cs,Přerušovaný půst,9,3002244,2.9978
2025-10-02,cs,Přerušovaný půst,6,2172123,2.7623
2025-10-03,cs,Přerušovaný půst,2,2018586,0.9908
2025-10-04,cs,Přerušovaný půst,5,3052882,1.6378
2025-10-05,cs,Přerušovaný půst,4,2409672,1.6600
2025-10-06,cs,Přerušovaný půst,6,2311389,2.5958
2025-10-07,cs,Přerušovaný půst,4,2154416,1.8567
2025-10-08,cs,Přerušovaný půst,0,2018944,0
2025-10-09,cs,Přerušovaný půst,3,1981551,1.5140
2025-10-10,cs,Přerušovaný půst,6,1992190,3.0118
2025-10-11,cs,Přerušovaný půst,2,2057947,0.9718
2025-10-12,cs,Přerušovaný půst,4,2280619,1.7539
2025-10-13,cs,Přerušovaný půst,7,2014514,3.4748
2025-10-14,cs,Přerušovaný půst,8,1966056,4.0691
2025-10-15,cs,Přerušovaný půst,5,1944541,2.5713
2025-10-16,cs,Přerušovaný půst,7,1890674,3.7024
2025-10-17,cs,Přerušovaný půst,6,1912448,3.1373
2025-10-18,cs,Přerušovaný půst,3,1972561,1.5209
2025-10-19,cs,Přerušovaný půst,4,2084532,1.9189
2025-10-20,cs,Přerušovaný půst,2,1959568,1.0206
2025-10-21,cs,Přerušovaný půst,2,2008746,0.9956
2025-10-22,cs,Přerušovaný půst,4,1945946,2.0556
2025-10-23,cs,Přerušovaný půst,4,2176389,1.8379
2025-10-24,cs,Přerušovaný půst,1,2012856,0.4968
2025-10-25,cs,Přerušovaný půst,3,2208204,1.3586
2025-10-26,cs,Přerušovaný půst,6,2145167,2.7970
2025-10-27,cs,Přerušovaný půst,7,1990968,3.5159
2025-10-28,cs,Přerušovaný půst,6,2389615,2.5109
2025-10-29,cs,Přerušovaný půst,5,2069587,2.4159
2025-10-30,cs,Přerušovaný půst,5,2279098,2.1939
2025-10-31,cs,Přerušovaný půst,5,2122248,2.3560
2025-11-01,cs,Přerušovaný půst,0,2316683,0
2025-11-02,cs,Přerušovaný půst,10,2566946,3.8957
2025-11-03,cs,Přerušovaný půst,9,2431291,3.7017
2025-11-04,cs,Přerušovaný půst,11,2531651,4.3450
2025-11-05,cs,Přerušovaný půst,14,2153641,6.5006
2025-11-06,cs,Přerušovaný půst,5,2166442,2.3079
2025-11-07,cs,Přerušovaný půst,2,2173956,0.9200
2025-11-08,cs,Přerušovaný půst,2,2356067,0.8489
2025-11-09,cs,Přerušovaný půst,2,2473152,0.8087
2025-11-10,cs,Přerušovaný půst,6,2398935,2.5011
2025-11-11,cs,Přerušovaný půst,7,2581018,2.7121
2025-11-12,cs,Přerušovaný půst,4,2397585,1.6683
2025-11-13,cs,Přerušovaný půst,7,2598521,2.6938
2025-11-14,cs,Přerušovaný půst,3,2728658,1.0994
2025-11-15,cs,Přerušovaný půst,6,2677872,2.2406
2025-11-16,cs,Přerušovaný půst,4,3010093,1.3289
2025-11-17,cs,Přerušovaný půst,5,3044328,1.6424
2025-11-18,cs,Přerušovaný půst,6,2356494,2.5462
2025-11-19,cs,Přerušovaný půst,5,2262896,2.2096
2025-11-20,cs,Přerušovaný půst,5,2125799,2.3521
2025-11-21,cs,Přerušovaný půst,2,2254881,0.8870
2025-11-22,cs,Přerušovaný půst,3,2370800,1.2654
2025-11-23,cs,Přerušovaný půst,5,2523346,1.9815
2025-11-24,cs,Přerušovaný půst,1,2348776,0.4258
2025-11-25,cs,Přerušovaný půst,3,2418297,1.2405
2025-11-26,cs,Přerušovaný půst,7,2244962,3.1181
2025-11-27,cs,Přerušovaný půst,5,2201470,2.2712
2025-11-28,cs,Přerušovaný půst,3,2219326,1.3518
2025-11-29,cs,Přerušovaný půst,4,2478343,1.6140
2025-11-30,cs,Přerušovaný půst,5,2471231,2.0233
2025-12-01,cs,Přerušovaný půst,5,1922309,2.6010
2025-12-02,cs,Přerušovaný půst,12,1912108,6.2758
2025-12-03,cs,Přerušovaný půst,7,1823570,3.8386
2025-12-04,cs,Přerušovaný půst,5,1839926,2.7175
2025-12-05,cs,Přerušovaný půst,1,1940425,0.5154
2025-12-06,cs,Přerušovaný půst,4,1957317,2.0436
2025-12-07,cs,Přerušovaný půst,6,2098180,2.8596
2025-12-08,cs,Přerušovaný půst,6,1929963,3.1089
2025-12-09,cs,Přerušovaný půst,5,1946169,2.5691
2025-12-10,cs,Přerušovaný půst,5,1925768,2.5964
2025-12-11,cs,Přerušovaný půst,2,1879353,1.0642
2025-12-12,cs,Přerušovaný půst,7,1788809,3.9132
2025-12-13,cs,Přerušovaný půst,3,1958738,1.5316
2025-12-14,cs,Přerušovaný půst,4,2034852,1.9657
2025-12-15,cs,Přerušovaný půst,3,1950644,1.5380
2025-12-16,cs,Přerušovaný půst,1,1732132,0.5773
2025-12-17,cs,Přerušovaný půst,5,1686375,2.9649
2025-12-18,cs,Přerušovaný půst,3,1607459,1.8663
2025-12-19,cs,Přerušovaný půst,10,1599901,6.2504
2025-12-20,cs,Přerušovaný půst,3,1786559,1.6792
2025-12-21,cs,Přerušovaný půst,2,1825459,1.0956
2025-12-22,cs,Přerušovaný půst,2,1681761,1.1892
2025-12-23,cs,Přerušovaný půst,12,1794375,6.6876
2025-12-24,cs,Přerušovaný půst,2,2039430,0.9807
2025-12-25,cs,Přerušovaný půst,8,2331771,3.4309
2025-12-26,cs,Přerušovaný půst,15,2314017,6.4822
2025-12-27,cs,Přerušovaný půst,26,2141283,12.1423
2025-12-28,cs,Přerušovaný půst,14,2246072,6.2331
2025-12-29,cs,Přerušovaný půst,14,2048949,6.8328
2025-12-30,cs,Přerušovaný půst,16,1977991,8.0890
2025-12-31,cs,Přerušovaný půst,10,2245652,4.4530
2026-01-01,cs,Přerušovaný půst,11,2668751,4.1218
2026-01-02,cs,Přerušovaný půst,25,2297170,10.8830
2026-01-03,cs,Přerušovaný půst,15,2449173,6.1245
2026-01-04,cs,Přerušovaný půst,33,2436847,13.5421
2026-01-05,cs,Přerušovaný půst,27,2188259,12.3386
2026-01-06,cs,Přerušovaný půst,28,2190419,12.7829
2026-01-07,cs,Přerušovaný půst,20,2089366,9.5723
2026-01-08,cs,Přerušovaný půst,32,2041051,15.6782
2026-01-09,cs,Přerušovaný půst,40,2128136,18.7958
2026-01-10,cs,Přerušovaný půst,24,2216212,10.8293
2026-01-11,cs,Přerušovaný půst,18,2349444,7.6614
2026-01-12,cs,Přerušovaný půst,17,2047738,8.3018
2026-01-13,cs,Přerušovaný půst,20,2036987,9.8184
2026-01-14,cs,Přerušovaný půst,13,2062747,6.3023
2026-01-15,cs,Přerušovaný půst,8,2115289,3.7820
2026-01-16,cs,Přerušovaný půst,6,2076982,2.8888
2026-01-17,cs,Přerušovaný půst,12,2286842,5.2474
2026-01-18,cs,Přerušovaný půst,11,2275022,4.8351
2026-01-19,cs,Přerušovaný půst,16,2140813,7.4738
2026-01-20,cs,Přerušovaný půst,11,2080317,5.2877
2026-01-21,cs,Přerušovaný půst,5,2036942,2.4547
2026-01-22,cs,Přerušovaný půst,10,2003239,4.9919
2026-01-23,cs,Přerušovaný půst,11,2083538,5.2795
2026-01-24,cs,Přerušovaný půst,13,2220953,5.8533
2026-01-25,cs,Přerušovaný půst,5,2349169,2.1284
2026-01-26,cs,Přerušovaný půst,17,2114758,8.0387
2026-01-27,cs,Přerušovaný půst,3,2109954,1.4218
2026-01-28,cs,Přerušovaný půst,8,2054510,3.8939
2026-01-29,cs,Přerušovaný půst,7,1977454,3.5399
2026-01-30,cs,Přerušovaný půst,2,2003365,0.9983
2026-01-31,cs,Přerušovaný půst,6,2278553,2.6333
2026-02-01,cs,Přerušovaný půst,2,2305655,0.8674
2026-02-02,cs,Přerušovaný půst,9,2199408,4.0920
2026-02-03,cs,Přerušovaný půst,6,2133572,2.8122
2026-02-04,cs,Přerušovaný půst,2,2133200,0.9376
2026-02-05,cs,Přerušovaný půst,16,2075572,7.7087
2026-02-06,cs,Přerušovaný půst,6,2331535,2.5734
2026-02-07,cs,Přerušovaný půst,3,2403989,1.2479
2026-02-08,cs,Přerušovaný půst,16,2483451,6.4426
2026-02-09,cs,Přerušovaný půst,2,2123894,0.9417
2026-02-10,cs,Přerušovaný půst,16,2040884,7.8397
2026-02-11,cs,Přerušovaný půst,6,2056012,2.9183
2026-02-12,cs,Přerušovaný půst,9,2018875,4.4579
2026-02-13,cs,Přerušovaný půst,4,2100157,1.9046
2026-02-14,cs,Přerušovaný půst,10,2095762,4.7715
2026-02-15,cs,Přerušovaný půst,3,2143707,1.3994
2026-02-16,cs,Přerušovaný půst,10,2002032,4.9949
2026-02-17,cs,Přerušovaný půst,7,2009929,3.4827
2026-02-18,cs,Přerušovaný půst,7,1989347,3.5187
2026-02-19,cs,Přerušovaný půst,4,1956989,2.0440
2026-02-20,cs,Přerušovaný půst,6,1933866,3.1026
2026-02-21,cs,Přerušovaný půst,10,2190155,4.5659
2026-02-22,cs,Přerušovaný půst,11,2464888,4.4627
2026-02-23,cs,Přerušovaný půst,8,2003844,3.9923
2026-02-24,cs,Přerušovaný půst,4,1899635,2.1057
2026-02-25,cs,Přerušovaný půst,3,1789346,1.6766
2026-02-26,cs,Přerušovaný půst,4,1783953,2.2422
2026-02-27,cs,Přerušovaný půst,6,1768265,3.3932
2026-02-28,cs,Přerušovaný půst,6,1868475,3.2112
2026-03-01,cs,Přerušovaný půst,9,2181614,4.1254
2026-03-02,cs,Přerušovaný půst,7,1852357,3.7790
2026-03-03,cs,Přerušovaný půst,5,1786915,2.7981
2026-03-04,cs,Přerušovaný půst,7,1790644,3.9092
2026-03-05,cs,Přerušovaný půst,3,1725929,1.7382
2026-03-06,cs,Přerušovaný půst,9,1658583,5.4263
2026-03-07,cs,Přerušovaný půst,7,1796630,3.8962
2026-03-08,cs,Přerušovaný půst,7,1966071,3.5604
2026-03-09,cs,Přerušovaný půst,3,1882583,1.5936
2026-03-10,cs,Přerušovaný půst,11,2007129,5.4805
2026-03-11,cs,Přerušovaný půst,6,1998916,3.0016
2026-03-12,cs,Přerušovaný půst,4,1775656,2.2527
2026-03-13,cs,Přerušovaný půst,7,1774794,3.9441
2026-03-14,cs,Přerušovaný půst,8,1911439,4.1853
2026-03-15,cs,Přerušovaný půst,3,2024539,1.4818
2026-03-16,cs,Přerušovaný půst,17,1955833,8.6919
2026-03-17,cs,Přerušovaný půst,4,1989156,2.0109
2026-03-18,cs,Přerušovaný půst,8,1906947,4.1952
2026-03-19,cs,Přerušovaný půst,3,1856052,1.6163
2026-03-20,cs,Přerušovaný půst,3,1803724,1.6632
2026-03-21,cs,Přerušovaný půst,4,1959753,2.0411
2026-03-22,cs,Přerušovaný půst,2,1938043,1.0320
2026-03-23,cs,Přerušovaný půst,4,1792643,2.2313
2026-03-24,cs,Přerušovaný půst,4,1777862,2.2499
2026-03-25,cs,Přerušovaný půst,2,1766135,1.1324
2026-03-26,cs,Přerušovaný půst,2,1791648,1.1163
2026-03-27,cs,Přerušovaný půst,2,1727719,1.1576
2026-03-28,cs,Přerušovaný půst,4,1851706,2.1602
2026-03-29,cs,Přerušovaný půst,8,2081834,3.8428
2026-03-30,cs,Přerušovaný půst,11,1846672,5.9567
2026-03-31,cs,Přerušovaný půst,5,1860666,2.6872
2026-04-01,cs,Přerušovaný půst,6,1702862,3.5235
2026-04-02,cs,Přerušovaný půst,3,1588363,1.8887
2026-04-03,cs,Přerušovaný půst,3,1820841,1.6476
2026-04-04,cs,Přerušovaný půst,3,1937097,1.5487
2026-04-05,cs,Přerušovaný půst,3,1826194,1.6428
2026-04-06,cs,Přerušovaný půst,4,2012224,1.9879
2026-04-07,cs,Přerušovaný půst,7,1946097,3.5969
2026-04-08,cs,Přerušovaný půst,8,1741725,4.5931
2026-04-09,cs,Přerušovaný půst,3,1784763,1.6809
2026-04-10,cs,Přerušovaný půst,11,2006051,5.4834
2026-04-11,cs,Přerušovaný půst,2,1970172,1.0151
2026-04-12,cs,Přerušovaný půst,11,2095748,5.2487
2026-04-13,cs,Přerušovaný půst,5,1844235,2.7112
2026-04-14,cs,Přerušovaný půst,4,1759393,2.2735
2026-04-15,cs,Přerušovaný půst,0,1779623,0
2026-04-16,cs,Přerušovaný půst,4,1769743,2.2602
2026-04-17,cs,Přerušovaný půst,4,1840750,2.1730
2026-04-18,cs,Přerušovaný půst,5,1671707,2.9910
2026-04-19,cs,Přerušovaný půst,3,2062371,1.4546
2026-04-20,cs,Přerušovaný půst,1,1901185,0.5260
2026-04-21,cs,Přerušovaný půst,5,1868190,2.6764
2026-04-22,cs,Přerušovaný půst,5,1793661,2.7876
2026-04-23,cs,Přerušovaný půst,5,1730636,2.8891
2026-04-24,cs,Přerušovaný půst,4,1664841,2.4026
2026-04-25,cs,Přerušovaný půst,4,1638403,2.4414
2026-04-26,cs,Přerušovaný půst,3,1911240,1.5697
2026-04-27,cs,Přerušovaný půst,6,1786354,3.3588
2026-04-28,cs,Přerušovaný půst,6,1949859,3.0771
2026-04-29,cs,Přerušovaný půst,7,1812442,3.8622
2026-04-30,cs,Přerušovaný půst,0,1631347,0
2026-05-01,cs,Přerušovaný půst,2,1797900,1.1124
2026-05-02,cs,Přerušovaný půst,1,1870633,0.5346
2026-05-03,cs,Přerušovaný půst,3,2012861,1.4904
2026-05-04,cs,Přerušovaný půst,10,1874841,5.3338
2026-05-05,cs,Přerušovaný půst,2,1877589,1.0652
2026-05-06,cs,Přerušovaný půst,2,1877541,1.0652
2026-05-07,cs,Přerušovaný půst,5,1888627,2.6474
2026-05-08,cs,Přerušovaný půst,1,2007413,0.4982
2026-05-09,cs,Přerušovaný půst,4,1856692,2.1544
2026-05-10,cs,Přerušovaný půst,6,1859601,3.2265
2026-05-11,cs,Přerušovaný půst,1,1915196,0.5221
2026-05-12,cs,Přerušovaný půst,8,1996894,4.0062
2026-05-13,cs,Přerušovaný půst,5,1947743,2.5671
2026-05-14,cs,Přerušovaný půst,5,1923426,2.5995
2026-05-15,cs,Přerušovaný půst,3,2043440,1.4681
2026-05-16,cs,Přerušovaný půst,4,2154123,1.8569
2026-05-17,cs,Přerušovaný půst,3,2095858,1.4314
2026-05-18,cs,Přerušovaný půst,5,1968017,2.5406
2026-05-19,cs,Přerušovaný půst,2,2001418,0.9993
2026-05-20,cs,Přerušovaný půst,4,1973069,2.0273
2026-05-21,cs,Přerušovaný půst,2,1925148,1.0389
2026-05-22,cs,Přerušovaný půst,3,1901872,1.5774
2026-05-23,cs,Přerušovaný půst,1,1840185,0.5434
2026-05-24,cs,Přerušovaný půst,2,1831881,1.0918
2026-05-25,cs,Přerušovaný půst,1,1881158,0.5316
2026-05-26,cs,Přerušovaný půst,2,1920106,1.0416
2026-05-27,cs,Přerušovaný půst,3,1866068,1.6077
2026-05-28,cs,Přerušovaný půst,2,1926629,1.0381
2026-05-29,cs,Přerušovaný půst,8,1773091,4.5119
2026-05-30,cs,Přerušovaný půst,5,1882619,2.6559
2026-05-31,cs,Přerušovaný půst,4,2101241,1.9036
2026-06-01,cs,Přerušovaný půst,4,1971061,2.0294
2026-06-02,cs,Přerušovaný půst,4,1803519,2.2179
2026-06-03,cs,Přerušovaný půst,8,1886923,4.2397
2026-06-04,cs,Přerušovaný půst,6,1823849,3.2897
2026-06-05,cs,Přerušovaný půst,5,1856415,2.6934
2026-06-06,cs,Přerušovaný půst,12,1736035,6.9123
2026-06-07,cs,Přerušovaný půst,2,1888296,1.0592
2026-06-08,cs,Přerušovaný půst,6,1715297,3.4979
2026-06-09,cs,Přerušovaný půst,5,1874939,2.6668
2026-06-10,cs,Přerušovaný půst,6,2165402,2.7708
2026-06-11,cs,Přerušovaný půst,6,1835014,3.2697
2026-06-12,cs,Přerušovaný půst,4,1795750,2.2275
2026-06-13,cs,Přerušovaný půst,1,1847898,0.5412
2026-06-14,cs,Přerušovaný půst,6,2126265,2.8218
2026-06-15,cs,Přerušovaný půst,4,1877588,2.1304
2026-06-16,cs,Přerušovaný půst,4,1747226,2.2893
2026-06-17,cs,Přerušovaný půst,0,1864029,0
2026-06-18,cs,Přerušovaný půst,3,1736561,1.7276
2026-06-19,cs,Přerušovaný půst,1,1654802,0.6043
2026-06-20,cs,Přerušovaný půst,4,1771703,2.2577
2026-06-21,cs,Přerušovaný půst,2,1863892,1.0730
2026-06-22,cs,Přerušovaný půst,5,1706377,2.9302
2026-06-23,cs,Přerušovaný půst,1,1664762,0.6007
2026-06-24,cs,Přerušovaný půst,1,1584436,0.6311
2026-06-25,cs,Přerušovaný půst,3,1510936,1.9855
2026-06-26,cs,Přerušovaný půst,1,1589415,0.6292
2026-06-27,cs,Přerušovaný půst,2,1737347,1.1512
2026-06-28,cs,Přerušovaný půst,3,1779833,1.6856
2026-06-29,cs,Přerušovaný půst,4,1667194,2.3992
2026-06-30,cs,Přerušovaný půst,2,1600541,1.2496
2026-07-01,cs,Přerušovaný půst,6,1746270,3.4359
2026-07-02,cs,Přerušovaný půst,4,1552404,2.5766
2026-07-03,cs,Přerušovaný půst,4,1644405,2.4325
2026-07-04,cs,Přerušovaný půst,3,1730497,1.7336
2026-07-05,cs,Přerušovaný půst,6,1945028,3.0848
2026-07-06,cs,Přerušovaný půst,3,1832582,1.6370
2026-07-07,cs,Přerušovaný půst,7,1637089,4.2759
2026-07-08,cs,Přerušovaný půst,1,1547982,0.6460
2026-07-09,cs,Přerušovaný půst,6,1584797,3.7860
2026-07-10,cs,Přerušovaný půst,6,1566791,3.8295
2026-07-11,cs,Přerušovaný půst,0,1907447,0
2026-07-12,cs,Přerušovaný půst,1,1859054,0.5379
2026-07-13,cs,Přerušovaný půst,0,1642325,0
2026-07-14,cs,Přerušovaný půst,4,1654889,2.4171
2026-07-15,cs,Přerušovaný půst,2,1671401,1.1966
2026-07-16,cs,Přerušovaný půst,1,1656145,0.6038
2026-07-17,cs,Přerušovaný půst,3,1812602,1.6551
2026-07-18,cs,Přerušovaný půst,2,1753409,1.1406
2026-07-19,cs,Přerušovaný půst,5,1991299,2.5109
2026-07-20,cs,Přerušovaný půst,3,1657659,1.8098
2026-07-21,cs,Přerušovaný půst,0,1641058,0
2026-07-22,cs,Přerušovaný půst,2,1645823,1.2152
2026-07-23,cs,Přerušovaný půst,2,1751583,1.1418
2026-07-24,cs,Přerušovaný půst,3,1676758,1.7892
2026-07-25,cs,Přerušovaný půst,1,1696719,0.5894
2026-07-26,cs,Přerušovaný půst,1,1873149,0.5339
2026-07-27,cs,Přerušovaný půst,1,1723891,0.5801
2026-07-28,cs,Přerušovaný půst,6,1648665,3.6393
2026-07-29,cs,Přerušovaný půst,3,1623640,1.8477
2026-07-30,cs,Přerušovaný půst,3,1689537,1.7756
2026-07-31,cs,Přerušovaný půst,2,1766167,1.1324
2026-08-01,cs,Přerušovaný půst,2,1782496,1.1220
2026-08-02,cs,Přerušovaný půst,3,1920847,1.5618
2026-08-03,cs,Přerušovaný půst,5,1739738,2.8740
2026-08-04,cs,Přerušovaný půst,3,1693943,1.7710
2026-08-05,cs,Přerušovaný půst,5,1615964,3.0941
2026-08-06,cs,Přerušovaný půst,3,1623289,1.8481
2026-08-07,cs,Přerušovaný půst,4,1634300,2.4475
2026-08-08,cs,Přerušovaný půst,2,1722356,1.1612
2026-08-09,cs,Přerušovaný půst,6,1721245,3.4858
2026-08-10,cs,Přerušovaný půst,9,1590541,5.6585
2026-08-11,cs,Přerušovaný půst,5,1649174,3.0318
2026-08-12,cs,Přerušovaný půst,3,1528789,1.9623
2026-08-13,cs,Přerušovaný půst,4,1499951,2.6668
2026-08-14,cs,Přerušovaný půst,2,1568086,1.2754
2026-08-15,cs,Přerušovaný půst,5,1799983,2.7778
2026-08-16,cs,Přerušovaný půst,5,1741118,2.8717
2026-08-17,cs,Přerušovaný půst,6,1698474,3.5326
2026-08-18,cs,Přerušovaný půst,7,1671366,4.1882
2026-08-19,cs,Přerušovaný půst,3,1580292,1.8984
2026-08-20,cs,Přerušovaný půst,5,1609862,3.1059
2026-08-21,cs,Přerušovaný půst,3,1717438,1.7468
2026-08-22,cs,Přerušovaný půst,3,1718303,1.7459
2026-08-23,cs,Přerušovaný půst,7,1693096,4.1344
2026-08-24,cs,Přerušovaný půst,5,1561020,3.2030
2026-08-25,cs,Přerušovaný půst,2,1589662,1.2581
2026-08-26,cs,Přerušovaný půst,4,1617915,2.4723
2026-08-27,cs,Přerušovaný půst,0,1607991,0
2026-08-28,cs,Přerušovaný půst,2,1703407,1.1741
2026-08-29,cs,Přerušovaný půst,2,1641393,1.2185
2026-08-30,cs,Přerušovaný půst,2,1661896,1.2034
2026-08-31,cs,Přerušovaný půst,2,1563835,1.2789
2026-09-01,cs,Přerušovaný půst,1,1535071,0.6514
2026-09-02,cs,Přerušovaný půst,3,1580617,1.8980
2026-09-03,cs,Přerušovaný půst,2,1583024,1.2634
2026-09-04,cs,Přerušovaný půst,3,1607886,1.8658
2026-09-05,cs,Přerušovaný půst,1,1660790,0.6021
2026-09-06,cs,Přerušovaný půst,0,1717612,0
2026-09-07,cs,Přerušovaný půst,4,1750318,2.2853
2026-09-08,cs,Přerušovaný půst,3,1607148,1.8667
2026-09-09,cs,Přerušovaný půst,0,1767656,0
2026-09-10,cs,Přerušovaný půst,1,1769269,0.5652
2026-09-11,cs,Přerušovaný půst,0,1740492,0
2026-09-12,cs,Přerušovaný půst,0,1688897,0
2026-09-13,cs,Přerušovaný půst,1,1846746,0.5415
2026-09-14,cs,Přerušovaný půst,2,1652549,1.2103
2026-09-15,cs,Přerušovaný půst,5,1570529,3.1836
2026-09-16,cs,Přerušovaný půst,3,1672825,1.7934
2026-09-17,cs,Přerušovaný půst,4,1582415,2.5278
2026-09-18,cs,Přerušovaný půst,1,1591607,0.6283
2026-09-19,cs,Přerušovaný půst,0,1651126,0
2026-09-20,cs,Přerušovaný půst,1,1727588,0.5788
2026-09-21,cs,Přerušovaný půst,3,1690139,1.7750
2024-09-21,pl,Głodówka lecznicza,3,6136661,0.4889
2024-09-22,pl,Głodówka lecznicza,8,7154605,1.1182
2024-09-23,pl,Głodówka lecznicza,4,6406562,0.6244
2024-09-24,pl,Głodówka lecznicza,12,6318935,1.8991
2024-09-25,pl,Głodówka lecznicza,7,6281722,1.1143
2024-09-26,pl,Głodówka lecznicza,3,6307722,0.4756
2024-09-27,pl,Głodówka lecznicza,9,6368915,1.4131
2024-09-28,pl,Głodówka lecznicza,10,6580691,1.5196
2024-09-29,pl,Głodówka lecznicza,4,7337870,0.5451
2024-09-30,pl,Głodówka lecznicza,7,6222937,1.1249
2024-10-01,pl,Głodówka lecznicza,6,6233199,0.9626
2024-10-02,pl,Głodówka lecznicza,5,6342682,0.7883
2024-10-03,pl,Głodówka lecznicza,8,6372955,1.2553
2024-10-04,pl,Głodówka lecznicza,3,6314659,0.4751
2024-10-05,pl,Głodówka lecznicza,3,6631117,0.4524
2024-10-06,pl,Głodówka lecznicza,1,7822837,0.1278
2024-10-07,pl,Głodówka lecznicza,11,6627356,1.6598
2024-10-08,pl,Głodówka lecznicza,15,6485955,2.3127
2024-10-09,pl,Głodówka lecznicza,8,6564777,1.2186
2024-10-10,pl,Głodówka lecznicza,10,6413047,1.5593
2024-10-11,pl,Głodówka lecznicza,8,6433792,1.2434
2024-10-12,pl,Głodówka lecznicza,10,6558669,1.5247
2024-10-13,pl,Głodówka lecznicza,8,7888408,1.0141
2024-10-14,pl,Głodówka lecznicza,8,6650909,1.2028
2024-10-15,pl,Głodówka lecznicza,10,6599285,1.5153
2024-10-16,pl,Głodówka lecznicza,8,6496648,1.2314
2024-10-17,pl,Głodówka lecznicza,13,6590993,1.9724
2024-10-18,pl,Głodówka lecznicza,8,6396171,1.2507
2024-10-19,pl,Głodówka lecznicza,8,6542325,1.2228
2024-10-20,pl,Głodówka lecznicza,7,7698889,0.9092
2024-10-21,pl,Głodówka lecznicza,10,6819409,1.4664
2024-10-22,pl,Głodówka lecznicza,13,6618377,1.9642
2024-10-23,pl,Głodówka lecznicza,9,7942471,1.1331
2024-10-24,pl,Głodówka lecznicza,10,6363351,1.5715
2024-10-25,pl,Głodówka lecznicza,6,6445625,0.9309
2024-10-26,pl,Głodówka lecznicza,6,6501423,0.9229
2024-10-27,pl,Głodówka lecznicza,17,7843191,2.1675
2024-10-28,pl,Głodówka lecznicza,8,6813642,1.1741
2024-10-29,pl,Głodówka lecznicza,6,7049303,0.8511
2024-10-30,pl,Głodówka lecznicza,3,6542586,0.4585
2024-10-31,pl,Głodówka lecznicza,11,6097897,1.8039
2024-11-01,pl,Głodówka lecznicza,8,7911105,1.0112
2024-11-02,pl,Głodówka lecznicza,17,7304120,2.3275
2024-11-03,pl,Głodówka lecznicza,9,8280953,1.0868
2024-11-04,pl,Głodówka lecznicza,7,7042273,0.9940
2024-11-05,pl,Głodówka lecznicza,10,6985584,1.4315
2024-11-06,pl,Głodówka lecznicza,3,7529109,0.3985
2024-11-07,pl,Głodówka lecznicza,13,6826982,1.9042
2024-11-08,pl,Głodówka lecznicza,8,6482130,1.2342
2024-11-09,pl,Głodówka lecznicza,10,6725812,1.4868
2024-11-10,pl,Głodówka lecznicza,13,8073870,1.6101
2024-11-11,pl,Głodówka lecznicza,5,8517102,0.5871
2024-11-12,pl,Głodówka lecznicza,6,7079979,0.8475
2024-11-13,pl,Głodówka lecznicza,4,7099716,0.5634
2024-11-14,pl,Głodówka lecznicza,9,6904136,1.3036
2024-11-15,pl,Głodówka lecznicza,6,6734479,0.8909
2024-11-16,pl,Głodówka lecznicza,7,7208369,0.9711
2024-11-17,pl,Głodówka lecznicza,10,8622513,1.1598
2024-11-18,pl,Głodówka lecznicza,13,7232373,1.7975
2024-11-19,pl,Głodówka lecznicza,10,6956418,1.4375
2024-11-20,pl,Głodówka lecznicza,5,6899657,0.7247
2024-11-21,pl,Głodówka lecznicza,3,7351710,0.4081
2024-11-22,pl,Głodówka lecznicza,5,6826095,0.7325
2024-11-23,pl,Głodówka lecznicza,9,7229971,1.2448
2024-11-24,pl,Głodówka lecznicza,16,8856965,1.8065
2024-11-25,pl,Głodówka lecznicza,13,7328990,1.7738
2024-11-26,pl,Głodówka lecznicza,15,7320728,2.0490
2024-11-27,pl,Głodówka lecznicza,5,7117092,0.7025
2024-11-28,pl,Głodówka lecznicza,7,6844812,1.0227
2024-11-29,pl,Głodówka lecznicza,17,6662621,2.5515
2024-11-30,pl,Głodówka lecznicza,8,6980433,1.1461
2024-12-01,pl,Głodówka lecznicza,18,8006316,2.2482
2024-12-02,pl,Głodówka lecznicza,22,6980963,3.1514
2024-12-03,pl,Głodówka lecznicza,15,6857628,2.1873
2024-12-04,pl,Głodówka lecznicza,9,6749252,1.3335
2024-12-05,pl,Głodówka lecznicza,17,6448367,2.6363
2024-12-06,pl,Głodówka lecznicza,17,6322540,2.6888
2024-12-07,pl,Głodówka lecznicza,5,6732767,0.7426
2024-12-08,pl,Głodówka lecznicza,17,8296327,2.0491
2024-12-09,pl,Głodówka lecznicza,12,7173604,1.6728
2024-12-10,pl,Głodówka lecznicza,13,6864629,1.8938
2024-12-11,pl,Głodówka lecznicza,9,6631212,1.3572
2024-12-12,pl,Głodówka lecznicza,9,6529795,1.3783
2024-12-13,pl,Głodówka lecznicza,9,6395597,1.4072
2024-12-14,pl,Głodówka lecznicza,10,6765452,1.4781
2024-12-15,pl,Głodówka lecznicza,5,7798995,0.6411
2024-12-16,pl,Głodówka lecznicza,16,6791848,2.3558
2024-12-17,pl,Głodówka lecznicza,7,6588530,1.0625
2024-12-18,pl,Głodówka lecznicza,15,6424133,2.3349
2024-12-19,pl,Głodówka lecznicza,4,6198134,0.6454
2024-12-20,pl,Głodówka lecznicza,13,5924425,2.1943
2024-12-21,pl,Głodówka lecznicza,6,6450547,0.9302
2024-12-22,pl,Głodówka lecznicza,8,7182861,1.1138
2024-12-23,pl,Głodówka lecznicza,6,6099390,0.9837
2024-12-24,pl,Głodówka lecznicza,2,6036263,0.3313
2024-12-25,pl,Głodówka lecznicza,9,8069492,1.1153
2024-12-26,pl,Głodówka lecznicza,12,8460275,1.4184
2024-12-27,pl,Głodówka lecznicza,11,7712798,1.4262
2024-12-28,pl,Głodówka lecznicza,7,8104671,0.8637
2024-12-29,pl,Głodówka lecznicza,12,8953095,1.3403
2024-12-30,pl,Głodówka lecznicza,15,8221161,1.8246
2024-12-31,pl,Głodówka lecznicza,11,8005800,1.3740
2025-01-01,pl,Głodówka lecznicza,18,8514817,2.1140
2025-01-02,pl,Głodówka lecznicza,18,7717051,2.3325
2025-01-03,pl,Głodówka lecznicza,18,7856397,2.2911
2025-01-04,pl,Głodówka lecznicza,14,8561967,1.6351
2025-01-05,pl,Głodówka lecznicza,11,9302440,1.1825
2025-01-06,pl,Głodówka lecznicza,23,9430595,2.4389
2025-01-07,pl,Głodówka lecznicza,20,7849149,2.5480
2025-01-08,pl,Głodówka lecznicza,15,7825576,1.9168
2025-01-09,pl,Głodówka lecznicza,9,7561555,1.1902
2025-01-10,pl,Głodówka lecznicza,25,7457744,3.3522
2025-01-11,pl,Głodówka lecznicza,10,7960964,1.2561
2025-01-12,pl,Głodówka lecznicza,18,8806035,2.0441
2025-01-13,pl,Głodówka lecznicza,20,7958988,2.5129
2025-01-14,pl,Głodówka lecznicza,16,7957664,2.0106
2025-01-15,pl,Głodówka lecznicza,12,7765119,1.5454
2025-01-16,pl,Głodówka lecznicza,16,7871885,2.0326
2025-01-17,pl,Głodówka lecznicza,11,7535527,1.4598
2025-01-18,pl,Głodówka lecznicza,25,7768420,3.2182
2025-01-19,pl,Głodówka lecznicza,8,8758283,0.9134
2025-01-20,pl,Głodówka lecznicza,10,8172376,1.2236
2025-01-21,pl,Głodówka lecznicza,24,8239736,2.9127
2025-01-22,pl,Głodówka lecznicza,18,7922587,2.2720
2025-01-23,pl,Głodówka lecznicza,20,8332268,2.4003
2025-01-24,pl,Głodówka lecznicza,13,7764382,1.6743
2025-01-25,pl,Głodówka lecznicza,15,8213530,1.8263
2025-01-26,pl,Głodówka lecznicza,15,9142643,1.6407
2025-01-27,pl,Głodówka lecznicza,17,8284406,2.0520
2025-01-28,pl,Głodówka lecznicza,15,8165867,1.8369
2025-01-29,pl,Głodówka lecznicza,16,7982513,2.0044
2025-01-30,pl,Głodówka lecznicza,15,7730525,1.9404
2025-01-31,pl,Głodówka lecznicza,19,7720693,2.4609
2025-02-01,pl,Głodówka lecznicza,11,8052238,1.3661
2025-02-02,pl,Głodówka lecznicza,27,8930973,3.0232
2025-02-03,pl,Głodówka lecznicza,14,7639833,1.8325
2025-02-04,pl,Głodówka lecznicza,5,7463044,0.6700
2025-02-05,pl,Głodówka lecznicza,19,7405518,2.5657
2025-02-06,pl,Głodówka lecznicza,11,7303912,1.5060
2025-02-07,pl,Głodówka lecznicza,12,6951045,1.7264
2025-02-08,pl,Głodówka lecznicza,17,7393699,2.2993
2025-02-09,pl,Głodówka lecznicza,15,8378504,1.7903
2025-02-10,pl,Głodówka lecznicza,10,7120626,1.4044
2025-02-11,pl,Głodówka lecznicza,25,7145070,3.4989
2025-02-12,pl,Głodówka lecznicza,22,7160580,3.0724
2025-02-13,pl,Głodówka lecznicza,19,7188616,2.6431
2025-02-14,pl,Głodówka lecznicza,8,6974554,1.1470
2025-02-15,pl,Głodówka lecznicza,10,7391697,1.3529
2025-02-16,pl,Głodówka lecznicza,8,8428385,0.9492
2025-02-17,pl,Głodówka lecznicza,7,7183880,0.9744
2025-02-18,pl,Głodówka lecznicza,18,7199277,2.5003
2025-02-19,pl,Głodówka lecznicza,10,7377544,1.3555
2025-02-20,pl,Głodówka lecznicza,15,7365082,2.0366
2025-02-21,pl,Głodówka lecznicza,16,7457270,2.1456
2025-02-22,pl,Głodówka lecznicza,15,7780991,1.9278
2025-02-23,pl,Głodówka lecznicza,17,9377450,1.8129
2025-02-24,pl,Głodówka lecznicza,10,7617413,1.3128
2025-02-25,pl,Głodówka lecznicza,21,7238149,2.9013
2025-02-26,pl,Głodówka lecznicza,10,7128842,1.4028
2025-02-27,pl,Głodówka lecznicza,2,7315264,0.2734
2025-02-28,pl,Głodówka lecznicza,8,7051223,1.1346
2025-03-01,pl,Głodówka lecznicza,8,7423675,1.0776
2025-03-02,pl,Głodówka lecznicza,10,8805194,1.1357
2025-03-03,pl,Głodówka lecznicza,14,7633974,1.8339
2025-03-04,pl,Głodówka lecznicza,8,7583384,1.0549
2025-03-05,pl,Głodówka lecznicza,17,7578604,2.2432
2025-03-06,pl,Głodówka lecznicza,5,7150794,0.6992
2025-03-07,pl,Głodówka lecznicza,15,6997812,2.1435
2025-03-08,pl,Głodówka lecznicza,15,7107952,2.1103
2025-03-09,pl,Głodówka lecznicza,13,8059879,1.6129
2025-03-10,pl,Głodówka lecznicza,9,7029916,1.2802
2025-03-11,pl,Głodówka lecznicza,8,7294204,1.0968
2025-03-12,pl,Głodówka lecznicza,14,7075181,1.9787
2025-03-13,pl,Głodówka lecznicza,5,7023450,0.7119
2025-03-14,pl,Głodówka lecznicza,11,6924113,1.5887
2025-03-15,pl,Głodówka lecznicza,12,7369780,1.6283
2025-03-16,pl,Głodówka lecznicza,6,8499022,0.7060
2025-03-17,pl,Głodówka lecznicza,11,7330433,1.5006
2025-03-18,pl,Głodówka lecznicza,12,7141379,1.6803
2025-03-19,pl,Głodówka lecznicza,10,6670913,1.4990
2025-03-20,pl,Głodówka lecznicza,19,6697462,2.8369
2025-03-21,pl,Głodówka lecznicza,11,6441783,1.7076
2025-03-22,pl,Głodówka lecznicza,10,6874500,1.4547
2025-03-23,pl,Głodówka lecznicza,12,8469834,1.4168
2025-03-24,pl,Głodówka lecznicza,17,7351429,2.3125
2025-03-25,pl,Głodówka lecznicza,20,6848458,2.9204
2025-03-26,pl,Głodówka lecznicza,10,6740211,1.4836
2025-03-27,pl,Głodówka lecznicza,12,6519256,1.8407
2025-03-28,pl,Głodówka lecznicza,8,6306168,1.2686
2025-03-29,pl,Głodówka lecznicza,12,6500916,1.8459
2025-03-30,pl,Głodówka lecznicza,16,7747795,2.0651
2025-03-31,pl,Głodówka lecznicza,11,6769846,1.6249
2025-04-01,pl,Głodówka lecznicza,12,6488218,1.8495
2025-04-02,pl,Głodówka lecznicza,9,6547832,1.3745
2025-04-03,pl,Głodówka lecznicza,7,6036593,1.1596
2025-04-04,pl,Głodówka lecznicza,8,5869574,1.3630
2025-04-05,pl,Głodówka lecznicza,8,6771406,1.1814
2025-04-06,pl,Głodówka lecznicza,12,8068380,1.4873
2025-04-07,pl,Głodówka lecznicza,10,6666545,1.5000
2025-04-08,pl,Głodówka lecznicza,14,6592262,2.1237
2025-04-09,pl,Głodówka lecznicza,19,6418160,2.9604
2025-04-10,pl,Głodówka lecznicza,6,6396348,0.9380
2025-04-11,pl,Głodówka lecznicza,11,6600245,1.6666
2025-04-12,pl,Głodówka lecznicza,4,6171540,0.6481
2025-04-13,pl,Głodówka lecznicza,11,6885585,1.5975
2025-04-14,pl,Głodówka lecznicza,6,6234719,0.9624
2025-04-15,pl,Głodówka lecznicza,12,6355122,1.8882
2025-04-16,pl,Głodówka lecznicza,9,5667011,1.5881
2025-04-17,pl,Głodówka lecznicza,7,5540008,1.2635
2025-04-18,pl,Głodówka lecznicza,13,5982150,2.1731
2025-04-19,pl,Głodówka lecznicza,9,6411476,1.4037
2025-04-20,pl,Głodówka lecznicza,13,7248603,1.7934
2025-04-21,pl,Głodówka lecznicza,7,9583528,0.7304
2025-04-22,pl,Głodówka lecznicza,11,7507450,1.4652
2025-04-23,pl,Głodówka lecznicza,5,6781767,0.7373
2025-04-24,pl,Głodówka lecznicza,7,6610660,1.0589
2025-04-25,pl,Głodówka lecznicza,7,6541857,1.0700
2025-04-26,pl,Głodówka lecznicza,7,7317197,0.9567
2025-04-27,pl,Głodówka lecznicza,7,7383333,0.9481
2025-04-28,pl,Głodówka lecznicza,14,6397650,2.1883
2025-04-29,pl,Głodówka lecznicza,7,6261714,1.1179
2025-04-30,pl,Głodówka lecznicza,8,6002650,1.3327
2025-05-01,pl,Głodówka lecznicza,2,5839800,0.3425
2025-05-02,pl,Głodówka lecznicza,9,5827457,1.5444
2025-05-03,pl,Głodówka lecznicza,7,6503259,1.0764
2025-05-04,pl,Głodówka lecznicza,11,7204375,1.5269
2025-05-05,pl,Głodówka lecznicza,10,6244697,1.6014
2025-05-06,pl,Głodówka lecznicza,7,6412100,1.0917
2025-05-07,pl,Głodówka lecznicza,5,6722344,0.7438
2025-05-08,pl,Głodówka lecznicza,10,9542604,1.0479
2025-05-09,pl,Głodówka lecznicza,4,7016012,0.5701
2025-05-10,pl,Głodówka lecznicza,12,6828330,1.7574
2025-05-11,pl,Głodówka lecznicza,4,7583823,0.5274
2025-05-12,pl,Głodówka lecznicza,10,6081350,1.6444
2025-05-13,pl,Głodówka lecznicza,9,6053326,1.4868
2025-05-14,pl,Głodówka lecznicza,15,6152724,2.4379
2025-05-15,pl,Głodówka lecznicza,5,5782748,0.8646
2025-05-16,pl,Głodówka lecznicza,10,5782617,1.7293
2025-05-17,pl,Głodówka lecznicza,6,6815285,0.8804
2025-05-18,pl,Głodówka lecznicza,7,7486580,0.9350
2025-05-19,pl,Głodówka lecznicza,15,6000527,2.4998
2025-05-20,pl,Głodówka lecznicza,6,5494434,1.0920
2025-05-21,pl,Głodówka lecznicza,8,5471710,1.4621
2025-05-22,pl,Głodówka lecznicza,10,5614632,1.7811
2025-05-23,pl,Głodówka lecznicza,6,5581394,1.0750
2025-05-24,pl,Głodówka lecznicza,7,5899232,1.1866
2025-05-25,pl,Głodówka lecznicza,8,6286805,1.2725
2025-05-26,pl,Głodówka lecznicza,13,5789496,2.2454
2025-05-27,pl,Głodówka lecznicza,9,5601906,1.6066
2025-05-28,pl,Głodówka lecznicza,8,5749469,1.3914
2025-05-29,pl,Głodówka lecznicza,5,5748462,0.8698
2025-05-30,pl,Głodówka lecznicza,2,5473899,0.3654
2025-05-31,pl,Głodówka lecznicza,12,5658223,2.1208
2025-06-01,pl,Głodówka lecznicza,4,6142633,0.6512
2025-06-02,pl,Głodówka lecznicza,2,6113656,0.3271
2025-06-03,pl,Głodówka lecznicza,7,5824923,1.2017
2025-06-04,pl,Głodówka lecznicza,3,5682340,0.5280
2025-06-05,pl,Głodówka lecznicza,4,5518609,0.7248
2025-06-06,pl,Głodówka lecznicza,5,5336480,0.9369
2025-06-07,pl,Głodówka lecznicza,10,5662392,1.7660
2025-06-08,pl,Głodówka lecznicza,7,6959951,1.0058
2025-06-09,pl,Głodówka lecznicza,6,5835901,1.0281
2025-06-10,pl,Głodówka lecznicza,12,5563420,2.1569
2025-06-11,pl,Głodówka lecznicza,6,5502177,1.0905
2025-06-12,pl,Głodówka lecznicza,8,5414476,1.4775
2025-06-13,pl,Głodówka lecznicza,8,5615050,1.4247
2025-06-14,pl,Głodówka lecznicza,5,5480947,0.9123
2025-06-15,pl,Głodówka lecznicza,5,6681722,0.7483
2025-06-16,pl,Głodówka lecznicza,10,6000305,1.6666
2025-06-17,pl,Głodówka lecznicza,10,5478598,1.8253
2025-06-18,pl,Głodówka lecznicza,5,5249418,0.9525
2025-06-19,pl,Głodówka lecznicza,8,6211807,1.2879
2025-06-20,pl,Głodówka lecznicza,7,5439849,1.2868
2025-06-21,pl,Głodówka lecznicza,11,5470964,2.0106
2025-06-22,pl,Głodówka lecznicza,6,6345667,0.9455
2025-06-23,pl,Głodówka lecznicza,8,5517103,1.4500
2025-06-24,pl,Głodówka lecznicza,5,5281382,0.9467
2025-06-25,pl,Głodówka lecznicza,8,5889813,1.3583
2025-06-26,pl,Głodówka lecznicza,5,5277986,0.9473
2025-06-27,pl,Głodówka lecznicza,7,5130939,1.3643
2025-06-28,pl,Głodówka lecznicza,9,5084475,1.7701
2025-06-29,pl,Głodówka lecznicza,7,5988579,1.1689
2025-06-30,pl,Głodówka lecznicza,9,5082267,1.7709
2025-07-01,pl,Głodówka lecznicza,10,4813151,2.0776
2025-07-02,pl,Głodówka lecznicza,9,4832509,1.8624
2025-07-03,pl,Głodówka lecznicza,10,5201004,1.9227
2025-07-04,pl,Głodówka lecznicza,5,5172978,0.9666
2025-07-05,pl,Głodówka lecznicza,4,5182991,0.7718
2025-07-06,pl,Głodówka lecznicza,4,5825050,0.6867
2025-07-07,pl,Głodówka lecznicza,7,5357061,1.3067
2025-07-08,pl,Głodówka lecznicza,8,5438589,1.4710
2025-07-09,pl,Głodówka lecznicza,11,5547175,1.9830
2025-07-10,pl,Głodówka lecznicza,10,5721652,1.7477
2025-07-11,pl,Głodówka lecznicza,9,7089304,1.2695
2025-07-12,pl,Głodówka lecznicza,9,7366597,1.2217
2025-07-13,pl,Głodówka lecznicza,12,6475935,1.8530
2025-07-14,pl,Głodówka lecznicza,13,5882418,2.2100
2025-07-15,pl,Głodówka lecznicza,14,5705205,2.4539
2025-07-16,pl,Głodówka lecznicza,14,5558539,2.5186
2025-07-17,pl,Głodówka lecznicza,16,6221512,2.5717
2025-07-18,pl,Głodówka lecznicza,7,5235740,1.3370
2025-07-19,pl,Głodówka lecznicza,4,5715394,0.6999
2025-07-20,pl,Głodówka lecznicza,13,6722244,1.9339
2025-07-21,pl,Głodówka lecznicza,9,6204955,1.4505
2025-07-22,pl,Głodówka lecznicza,13,6420951,2.0246
2025-07-23,pl,Głodówka lecznicza,1,6556212,0.1525
2025-07-24,pl,Głodówka lecznicza,9,6869804,1.3101
2025-07-25,pl,Głodówka lecznicza,9,6405621,1.4050
2025-07-26,pl,Głodówka lecznicza,7,6373346,1.0983
2025-07-27,pl,Głodówka lecznicza,4,7464886,0.5358
2025-07-28,pl,Głodówka lecznicza,8,6982075,1.1458
2025-07-29,pl,Głodówka lecznicza,6,6177967,0.9712
2025-07-30,pl,Głodówka lecznicza,12,6108410,1.9645
2025-07-31,pl,Głodówka lecznicza,6,6109900,0.9820
2025-08-01,pl,Głodówka lecznicza,9,6153153,1.4627
2025-08-02,pl,Głodówka lecznicza,6,6319990,0.9494
2025-08-03,pl,Głodówka lecznicza,4,7747308,0.5163
2025-08-04,pl,Głodówka lecznicza,7,6335965,1.1048
2025-08-05,pl,Głodówka lecznicza,12,6196915,1.9364
2025-08-06,pl,Głodówka lecznicza,11,6344489,1.7338
2025-08-07,pl,Głodówka lecznicza,8,6141157,1.3027
2025-08-08,pl,Głodówka lecznicza,4,5818037,0.6875
2025-08-09,pl,Głodówka lecznicza,6,5777141,1.0386
2025-08-10,pl,Głodówka lecznicza,5,8112887,0.6163
2025-08-11,pl,Głodówka lecznicza,9,6016517,1.4959
2025-08-12,pl,Głodówka lecznicza,7,5924757,1.1815
2025-08-13,pl,Głodówka lecznicza,7,5868391,1.1928
2025-08-14,pl,Głodówka lecznicza,5,5854460,0.8540
2025-08-15,pl,Głodówka lecznicza,8,6725771,1.1895
2025-08-16,pl,Głodówka lecznicza,4,6112316,0.6544
2025-08-17,pl,Głodówka lecznicza,6,6929569,0.8659
2025-08-18,pl,Głodówka lecznicza,5,6367575,0.7852
2025-08-19,pl,Głodówka lecznicza,6,6112131,0.9817
2025-08-20,pl,Głodówka lecznicza,8,5953256,1.3438
2025-08-21,pl,Głodówka lecznicza,6,6215884,0.9653
2025-08-22,pl,Głodówka lecznicza,9,6244879,1.4412
2025-08-23,pl,Głodówka lecznicza,5,6303719,0.7932
2025-08-24,pl,Głodówka lecznicza,11,6746576,1.6305
2025-08-25,pl,Głodówka lecznicza,10,5967104,1.6759
2025-08-26,pl,Głodówka lecznicza,7,6055981,1.1559
2025-08-27,pl,Głodówka lecznicza,7,6071343,1.1530
2025-08-28,pl,Głodówka lecznicza,6,6473011,0.9269
2025-08-29,pl,Głodówka lecznicza,11,6612257,1.6636
2025-08-30,pl,Głodówka lecznicza,11,6548469,1.6798
2025-08-31,pl,Głodówka lecznicza,4,6859314,0.5831
2025-09-01,pl,Głodówka lecznicza,5,5764958,0.8673
2025-09-02,pl,Głodówka lecznicza,5,5806659,0.8611
2025-09-03,pl,Głodówka lecznicza,13,5952136,2.1841
2025-09-04,pl,Głodówka lecznicza,14,5956793,2.3503
2025-09-05,pl,Głodówka lecznicza,9,6324772,1.4230
2025-09-06,pl,Głodówka lecznicza,4,6894878,0.5801
2025-09-07,pl,Głodówka lecznicza,9,7538253,1.1939
2025-09-08,pl,Głodówka lecznicza,7,6361563,1.1004
2025-09-09,pl,Głodówka lecznicza,20,6171963,3.2405
2025-09-10,pl,Głodówka lecznicza,6,5767990,1.0402
2025-09-11,pl,Głodówka lecznicza,7,5897392,1.1870
2025-09-12,pl,Głodówka lecznicza,11,5902192,1.8637
2025-09-13,pl,Głodówka lecznicza,5,6307254,0.7927
2025-09-14,pl,Głodówka lecznicza,12,7797534,1.5389
2025-09-15,pl,Głodówka lecznicza,9,6297760,1.4291
2025-09-16,pl,Głodówka lecznicza,9,6439961,1.3975
2025-09-17,pl,Głodówka lecznicza,4,6193232,0.6459
2025-09-18,pl,Głodówka lecznicza,1,6144486,0.1627
2025-09-19,pl,Głodówka lecznicza,8,6108848,1.3096
2025-09-20,pl,Głodówka lecznicza,9,6022051,1.4945
2025-09-21,pl,Głodówka lecznicza,12,7287245,1.6467
2025-09-22,pl,Głodówka lecznicza,13,6480577,2.0060
2025-09-23,pl,Głodówka lecznicza,7,6347413,1.1028
2025-09-24,pl,Głodówka lecznicza,8,6131241,1.3048
2025-09-25,pl,Głodówka lecznicza,9,6004714,1.4988
2025-09-26,pl,Głodówka lecznicza,6,5828135,1.0295
2025-09-27,pl,Głodówka lecznicza,6,6070171,0.9884
2025-09-28,pl,Głodówka lecznicza,8,7383372,1.0835
2025-09-29,pl,Głodówka lecznicza,6,6195337,0.9685
2025-09-30,pl,Głodówka lecznicza,7,5950268,1.1764
2025-10-01,pl,Głodówka lecznicza,6,5709228,1.0509
2025-10-02,pl,Głodówka lecznicza,10,7522830,1.3293
2025-10-03,pl,Głodówka lecznicza,10,5918092,1.6897
2025-10-04,pl,Głodówka lecznicza,13,6460880,2.0121
2025-10-05,pl,Głodówka lecznicza,9,7507343,1.1988
2025-10-06,pl,Głodówka lecznicza,14,6417478,2.1815
2025-10-07,pl,Głodówka lecznicza,6,6279359,0.9555
2025-10-08,pl,Głodówka lecznicza,18,6064252,2.9682
2025-10-09,pl,Głodówka lecznicza,12,6191458,1.9382
2025-10-10,pl,Głodówka lecznicza,10,6258571,1.5978
2025-10-11,pl,Głodówka lecznicza,6,6698280,0.8958
2025-10-12,pl,Głodówka lecznicza,5,8012434,0.6240
2025-10-13,pl,Głodówka lecznicza,6,6274646,0.9562
2025-10-14,pl,Głodówka lecznicza,13,6234868,2.0850
2025-10-15,pl,Głodówka lecznicza,17,6182647,2.7496
2025-10-16,pl,Głodówka lecznicza,8,6013015,1.3304
2025-10-17,pl,Głodówka lecznicza,8,6018055,1.3293
2025-10-18,pl,Głodówka lecznicza,10,6447763,1.5509
2025-10-19,pl,Głodówka lecznicza,8,7386192,1.0831
2025-10-20,pl,Głodówka lecznicza,4,6366036,0.6283
2025-10-21,pl,Głodówka lecznicza,9,6519835,1.3804
2025-10-22,pl,Głodówka lecznicza,6,6107399,0.9824
2025-10-23,pl,Głodówka lecznicza,14,6193572,2.2604
2025-10-24,pl,Głodówka lecznicza,8,6837253,1.1701
2025-10-25,pl,Głodówka lecznicza,4,6740964,0.5934
2025-10-26,pl,Głodówka lecznicza,9,7642315,1.1777
2025-10-27,pl,Głodówka lecznicza,11,6334558,1.7365
2025-10-28,pl,Głodówka lecznicza,15,6192719,2.4222
2025-10-29,pl,Głodówka lecznicza,6,6139693,0.9772
2025-10-30,pl,Głodówka lecznicza,3,5895086,0.5089
2025-10-31,pl,Głodówka lecznicza,2,6723875,0.2974
2025-11-01,pl,Głodówka lecznicza,10,7718889,1.2955
2025-11-02,pl,Głodówka lecznicza,6,8439197,0.7110
2025-11-03,pl,Głodówka lecznicza,5,7182961,0.6961
2025-11-04,pl,Głodówka lecznicza,5,6721823,0.7438
2025-11-05,pl,Głodówka lecznicza,11,6819221,1.6131
2025-11-06,pl,Głodówka lecznicza,12,6806610,1.7630
2025-11-07,pl,Głodówka lecznicza,5,6832313,0.7318
2025-11-08,pl,Głodówka lecznicza,5,7330395,0.6821
2025-11-09,pl,Głodówka lecznicza,11,8824326,1.2466
2025-11-10,pl,Głodówka lecznicza,5,7795620,0.6414
2025-11-11,pl,Głodówka lecznicza,9,10062227,0.8944
2025-11-12,pl,Głodówka lecznicza,8,7659162,1.0445
2025-11-13,pl,Głodówka lecznicza,6,7254958,0.8270
2025-11-14,pl,Głodówka lecznicza,7,7524662,0.9303
2025-11-15,pl,Głodówka lecznicza,8,7510279,1.0652
2025-11-16,pl,Głodówka lecznicza,9,9166296,0.9819
2025-11-17,pl,Głodówka lecznicza,3,7687234,0.3903
2025-11-18,pl,Głodówka lecznicza,9,7129590,1.2623
2025-11-19,pl,Głodówka lecznicza,7,6855113,1.0211
2025-11-20,pl,Głodówka lecznicza,5,6461819,0.7738
2025-11-21,pl,Głodówka lecznicza,5,9180390,0.5446
2025-11-22,pl,Głodówka lecznicza,8,8956600,0.8932
2025-11-23,pl,Głodówka lecznicza,11,7833096,1.4043
2025-11-24,pl,Głodówka lecznicza,8,6939358,1.1528
2025-11-25,pl,Głodówka lecznicza,7,6891046,1.0158
2025-11-26,pl,Głodówka lecznicza,2,7114119,0.2811
2025-11-27,pl,Głodówka lecznicza,8,6984987,1.1453
2025-11-28,pl,Głodówka lecznicza,11,7015941,1.5679
2025-11-29,pl,Głodówka lecznicza,3,7399634,0.4054
2025-11-30,pl,Głodówka lecznicza,3,8196703,0.3660
2025-12-01,pl,Głodówka lecznicza,8,6285262,1.2728
2025-12-02,pl,Głodówka lecznicza,6,6280542,0.9553
2025-12-03,pl,Głodówka lecznicza,4,6369910,0.6280
2025-12-04,pl,Głodówka lecznicza,6,6270888,0.9568
2025-12-05,pl,Głodówka lecznicza,5,5868990,0.8519
2025-12-06,pl,Głodówka lecznicza,5,6007192,0.8323
2025-12-07,pl,Głodówka lecznicza,3,6839140,0.4387
2025-12-08,pl,Głodówka lecznicza,11,6102551,1.8025
2025-12-09,pl,Głodówka lecznicza,6,5988858,1.0019
2025-12-10,pl,Głodówka lecznicza,7,5872129,1.1921
2025-12-11,pl,Głodówka lecznicza,9,5799120,1.5520
2025-12-12,pl,Głodówka lecznicza,7,5963814,1.1737
2025-12-13,pl,Głodówka lecznicza,7,6117379,1.1443
2025-12-14,pl,Głodówka lecznicza,6,6756223,0.8881
2025-12-15,pl,Głodówka lecznicza,20,5941413,3.3662
2025-12-16,pl,Głodówka lecznicza,4,5743260,0.6965
2025-12-17,pl,Głodówka lecznicza,6,5671322,1.0580
2025-12-18,pl,Głodówka lecznicza,5,5319604,0.9399
2025-12-19,pl,Głodówka lecznicza,1,5103132,0.1960
2025-12-20,pl,Głodówka lecznicza,13,5695702,2.2824
2025-12-21,pl,Głodówka lecznicza,4,6754768,0.5922
2025-12-22,pl,Głodówka lecznicza,4,5455878,0.7332
2025-12-23,pl,Głodówka lecznicza,4,5352162,0.7474
2025-12-24,pl,Głodówka lecznicza,3,5379851,0.5576
2025-12-25,pl,Głodówka lecznicza,5,6812665,0.7339
2025-12-26,pl,Głodówka lecznicza,3,7101150,0.4225
2025-12-27,pl,Głodówka lecznicza,3,6922410,0.4334
2025-12-28,pl,Głodówka lecznicza,6,7809901,0.7683
2025-12-29,pl,Głodówka lecznicza,6,6423807,0.9340
2025-12-30,pl,Głodówka lecznicza,12,5839076,2.0551
2025-12-31,pl,Głodówka lecznicza,7,6316458,1.1082
2026-01-01,pl,Głodówka lecznicza,4,7038883,0.5683
2026-01-02,pl,Głodówka lecznicza,4,6655352,0.6010
2026-01-03,pl,Głodówka lecznicza,2,7379858,0.2710
2026-01-04,pl,Głodówka lecznicza,12,7586259,1.5818
2026-01-05,pl,Głodówka lecznicza,5,6572037,0.7608
2026-01-06,pl,Głodówka lecznicza,5,7478295,0.6686
2026-01-07,pl,Głodówka lecznicza,8,6231222,1.2839
2026-01-08,pl,Głodówka lecznicza,10,6249182,1.6002
2026-01-09,pl,Głodówka lecznicza,4,6391901,0.6258
2026-01-10,pl,Głodówka lecznicza,11,6985244,1.5747
2026-01-11,pl,Głodówka lecznicza,6,7621997,0.7872
2026-01-12,pl,Głodówka lecznicza,2,6213712,0.3219
2026-01-13,pl,Głodówka lecznicza,8,6101957,1.3111
2026-01-14,pl,Głodówka lecznicza,0,6126176,0
2026-01-15,pl,Głodówka lecznicza,3,6270336,0.4784
2026-01-16,pl,Głodówka lecznicza,3,6450710,0.4651
2026-01-17,pl,Głodówka lecznicza,8,6835258,1.1704
2026-01-18,pl,Głodówka lecznicza,6,7405438,0.8102
2026-01-19,pl,Głodówka lecznicza,5,6132520,0.8153
2026-01-20,pl,Głodówka lecznicza,8,7774659,1.0290
2026-01-21,pl,Głodówka lecznicza,8,5990819,1.3354
2026-01-22,pl,Głodówka lecznicza,3,5973682,0.5022
2026-01-23,pl,Głodówka lecznicza,2,5988697,0.3340
2026-01-24,pl,Głodówka lecznicza,6,6609344,0.9078
2026-01-25,pl,Głodówka lecznicza,6,7177886,0.8359
2026-01-26,pl,Głodówka lecznicza,4,6272302,0.6377
2026-01-27,pl,Głodówka lecznicza,6,6083169,0.9863
2026-01-28,pl,Głodówka lecznicza,8,6019724,1.3290
2026-01-29,pl,Głodówka lecznicza,10,5992823,1.6687
2026-01-30,pl,Głodówka lecznicza,6,6136915,0.9777
2026-01-31,pl,Głodówka lecznicza,7,6537467,1.0708
2026-02-01,pl,Głodówka lecznicza,6,7257340,0.8267
2026-02-02,pl,Głodówka lecznicza,6,6148096,0.9759
2026-02-03,pl,Głodówka lecznicza,8,6223714,1.2854
2026-02-04,pl,Głodówka lecznicza,4,6197179,0.6455
2026-02-05,pl,Głodówka lecznicza,6,6014223,0.9976
2026-02-06,pl,Głodówka lecznicza,1,6493570,0.1540
2026-02-07,pl,Głodówka lecznicza,3,6835968,0.4389
2026-02-08,pl,Głodówka lecznicza,2,7846552,0.2549
2026-02-09,pl,Głodówka lecznicza,6,6838548,0.8774
2026-02-10,pl,Głodówka lecznicza,3,6370660,0.4709
2026-02-11,pl,Głodówka lecznicza,6,5962347,1.0063
2026-02-12,pl,Głodówka lecznicza,2,5965984,0.3352
2026-02-13,pl,Głodówka lecznicza,1,6682010,0.1497
2026-02-14,pl,Głodówka lecznicza,6,6793559,0.8832
2026-02-15,pl,Głodówka lecznicza,2,7422705,0.2694
2026-02-16,pl,Głodówka lecznicza,5,6350132,0.7874
2026-02-17,pl,Głodówka lecznicza,8,6260552,1.2778
2026-02-18,pl,Głodówka lecznicza,12,6247066,1.9209
2026-02-19,pl,Głodówka lecznicza,23,6134391,3.7494
2026-02-20,pl,Głodówka lecznicza,23,5776592,3.9816
2026-02-21,pl,Głodówka lecznicza,4,6583310,0.6076
2026-02-22,pl,Głodówka lecznicza,12,7552465,1.5889
2026-02-23,pl,Głodówka lecznicza,12,6042237,1.9860
2026-02-24,pl,Głodówka lecznicza,4,5893274,0.6787
2026-02-25,pl,Głodówka lecznicza,5,5697387,0.8776
2026-02-26,pl,Głodówka lecznicza,9,5385990,1.6710
2026-02-27,pl,Głodówka lecznicza,12,5293733,2.2668
2026-02-28,pl,Głodówka lecznicza,10,5746720,1.7401
2026-03-01,pl,Głodówka lecznicza,5,7446032,0.6715
2026-03-02,pl,Głodówka lecznicza,13,5759072,2.2573
2026-03-03,pl,Głodówka lecznicza,9,5489960,1.6394
2026-03-04,pl,Głodówka lecznicza,2,5480438,0.3649
2026-03-05,pl,Głodówka lecznicza,2,5439831,0.3677
2026-03-06,pl,Głodówka lecznicza,5,5334665,0.9373
2026-03-07,pl,Głodówka lecznicza,5,5539624,0.9026
2026-03-08,pl,Głodówka lecznicza,12,6537415,1.8356
2026-03-09,pl,Głodówka lecznicza,7,5491190,1.2748
2026-03-10,pl,Głodówka lecznicza,3,5400673,0.5555
2026-03-11,pl,Głodówka lecznicza,8,5458288,1.4657
2026-03-12,pl,Głodówka lecznicza,7,5295069,1.3220
2026-03-13,pl,Głodówka lecznicza,3,5135431,0.5842
2026-03-14,pl,Głodówka lecznicza,13,5561547,2.3375
2026-03-15,pl,Głodówka lecznicza,10,6685406,1.4958
2026-03-16,pl,Głodówka lecznicza,12,5783821,2.0748
2026-03-17,pl,Głodówka lecznicza,16,5692062,2.8109
2026-03-18,pl,Głodówka lecznicza,4,5460306,0.7326
2026-03-19,pl,Głodówka lecznicza,5,5375578,0.9301
2026-03-20,pl,Głodówka lecznicza,4,5742067,0.6966
2026-03-21,pl,Głodówka lecznicza,6,5894529,1.0179
2026-03-22,pl,Głodówka lecznicza,6,7013045,0.8555
2026-03-23,pl,Głodówka lecznicza,14,5764435,2.4287
2026-03-24,pl,Głodówka lecznicza,5,5480700,0.9123
2026-03-25,pl,Głodówka lecznicza,11,6057098,1.8161
2026-03-26,pl,Głodówka lecznicza,2,5867611,0.3409
2026-03-27,pl,Głodówka lecznicza,4,5254925,0.7612
2026-03-28,pl,Głodówka lecznicza,9,5565736,1.6170
2026-03-29,pl,Głodówka lecznicza,6,6562722,0.9143
2026-03-30,pl,Głodówka lecznicza,15,5611771,2.6730
2026-03-31,pl,Głodówka lecznicza,6,5438935,1.1032
2026-04-01,pl,Głodówka lecznicza,5,5748181,0.8698
2026-04-02,pl,Głodówka lecznicza,2,5101446,0.3920
2026-04-03,pl,Głodówka lecznicza,6,5169682,1.1606
2026-04-04,pl,Głodówka lecznicza,8,5731842,1.3957
2026-04-05,pl,Głodówka lecznicza,2,6553753,0.3052
2026-04-06,pl,Głodówka lecznicza,12,6804948,1.7634
2026-04-07,pl,Głodówka lecznicza,4,6201697,0.6450
2026-04-08,pl,Głodówka lecznicza,2,5606341,0.3567
2026-04-09,pl,Głodówka lecznicza,3,5535139,0.5420
2026-04-10,pl,Głodówka lecznicza,2,5841653,0.3424
2026-04-11,pl,Głodówka lecznicza,6,5873937,1.0215
2026-04-12,pl,Głodówka lecznicza,2,6898559,0.2899
2026-04-13,pl,Głodówka lecznicza,2,5936286,0.3369
2026-04-14,pl,Głodówka lecznicza,3,5645537,0.5314
2026-04-15,pl,Głodówka lecznicza,0,5581488,0
2026-04-16,pl,Głodówka lecznicza,1,5484618,0.1823
2026-04-17,pl,Głodówka lecznicza,6,5278731,1.1366
2026-04-18,pl,Głodówka lecznicza,4,5358489,0.7465
2026-04-19,pl,Głodówka lecznicza,3,6535462,0.4590
2026-04-20,pl,Głodówka lecznicza,9,5819872,1.5464
2026-04-21,pl,Głodówka lecznicza,4,5518202,0.7249
2026-04-22,pl,Głodówka lecznicza,4,5341339,0.7489
2026-04-23,pl,Głodówka lecznicza,10,5694537,1.7561
2026-04-24,pl,Głodówka lecznicza,7,5300225,1.3207
2026-04-25,pl,Głodówka lecznicza,11,5580769,1.9711
2026-04-26,pl,Głodówka lecznicza,9,6307875,1.4268
2026-04-27,pl,Głodówka lecznicza,7,5507882,1.2709
2026-04-28,pl,Głodówka lecznicza,6,5566534,1.0779
2026-04-29,pl,Głodówka lecznicza,1,5642397,0.1772
2026-04-30,pl,Głodówka lecznicza,3,5297658,0.5663
2026-05-01,pl,Głodówka lecznicza,2,5716903,0.3498
2026-05-02,pl,Głodówka lecznicza,6,5724013,1.0482
2026-05-03,pl,Głodówka lecznicza,6,6577190,0.9122
2026-05-04,pl,Głodówka lecznicza,6,5701271,1.0524
2026-05-05,pl,Głodówka lecznicza,3,5697250,0.5266
2026-05-06,pl,Głodówka lecznicza,4,5533043,0.7229
2026-05-07,pl,Głodówka lecznicza,7,5615792,1.2465
2026-05-08,pl,Głodówka lecznicza,4,5490448,0.7285
2026-05-09,pl,Głodówka lecznicza,4,5603605,0.7138
2026-05-10,pl,Głodówka lecznicza,5,6070564,0.8236
2026-05-11,pl,Głodówka lecznicza,2,5548861,0.3604
2026-05-12,pl,Głodówka lecznicza,9,6139416,1.4659
2026-05-13,pl,Głodówka lecznicza,6,5738868,1.0455
2026-05-14,pl,Głodówka lecznicza,3,5714391,0.5250
2026-05-15,pl,Głodówka lecznicza,3,5623149,0.5335
2026-05-16,pl,Głodówka lecznicza,8,6209935,1.2883
2026-05-17,pl,Głodówka lecznicza,1,6804408,0.1470
2026-05-18,pl,Głodówka lecznicza,3,5805863,0.5167
2026-05-19,pl,Głodówka lecznicza,7,5687100,1.2309
2026-05-20,pl,Głodówka lecznicza,4,5583983,0.7163
2026-05-21,pl,Głodówka lecznicza,2,5496816,0.3638
2026-05-22,pl,Głodówka lecznicza,4,5488555,0.7288
2026-05-23,pl,Głodówka lecznicza,4,5593734,0.7151
2026-05-24,pl,Głodówka lecznicza,3,6073364,0.4940
2026-05-25,pl,Głodówka lecznicza,4,6064491,0.6596
2026-05-26,pl,Głodówka lecznicza,3,5724313,0.5241
2026-05-27,pl,Głodówka lecznicza,6,5628470,1.0660
2026-05-28,pl,Głodówka lecznicza,7,5568981,1.2570
2026-05-29,pl,Głodówka lecznicza,14,5424013,2.5811
2026-05-30,pl,Głodówka lecznicza,4,5836518,0.6853
2026-05-31,pl,Głodówka lecznicza,2,6504285,0.3075
2026-06-01,pl,Głodówka lecznicza,2,5722605,0.3495
2026-06-02,pl,Głodówka lecznicza,7,5582769,1.2539
2026-06-03,pl,Głodówka lecznicza,3,5610507,0.5347
2026-06-04,pl,Głodówka lecznicza,2,6984575,0.2863
2026-06-05,pl,Głodówka lecznicza,2,6283549,0.3183
2026-06-06,pl,Głodówka lecznicza,3,6183356,0.4852
2026-06-07,pl,Głodówka lecznicza,1,7565535,0.1322
2026-06-08,pl,Głodówka lecznicza,7,5968410,1.1728
2026-06-09,pl,Głodówka lecznicza,8,5905108,1.3548
2026-06-10,pl,Głodówka lecznicza,5,6585645,0.7592
2026-06-11,pl,Głodówka lecznicza,4,6264847,0.6385
2026-06-12,pl,Głodówka lecznicza,4,5994440,0.6673
2026-06-13,pl,Głodówka lecznicza,2,6035178,0.3314
2026-06-14,pl,Głodówka lecznicza,6,7690834,0.7801
2026-06-15,pl,Głodówka lecznicza,5,6175128,0.8097
2026-06-16,pl,Głodówka lecznicza,1,5610631,0.1782
2026-06-17,pl,Głodówka lecznicza,2,5560168,0.3597
2026-06-18,pl,Głodówka lecznicza,3,5358598,0.5598
2026-06-19,pl,Głodówka lecznicza,5,5582695,0.8956
2026-06-20,pl,Głodówka lecznicza,3,5754876,0.5213
2026-06-21,pl,Głodówka lecznicza,4,6654247,0.6011
2026-06-22,pl,Głodówka lecznicza,1,6190622,0.1615
2026-06-23,pl,Głodówka lecznicza,5,5630246,0.8881
2026-06-24,pl,Głodówka lecznicza,7,5411023,1.2937
2026-06-25,pl,Głodówka lecznicza,10,5339068,1.8730
2026-06-26,pl,Głodówka lecznicza,8,5331864,1.5004
2026-06-27,pl,Głodówka lecznicza,2,5564161,0.3594
2026-06-28,pl,Głodówka lecznicza,7,6122929,1.1432
2026-06-29,pl,Głodówka lecznicza,2,5535143,0.3613
2026-06-30,pl,Głodówka lecznicza,3,5380118,0.5576
2026-07-01,pl,Głodówka lecznicza,1,5501343,0.1818
2026-07-02,pl,Głodówka lecznicza,4,5341534,0.7488
2026-07-03,pl,Głodówka lecznicza,4,5633272,0.7101
2026-07-04,pl,Głodówka lecznicza,5,5858491,0.8535
2026-07-05,pl,Głodówka lecznicza,8,6634395,1.2058
2026-07-06,pl,Głodówka lecznicza,5,5580382,0.8960
2026-07-07,pl,Głodówka lecznicza,7,5707197,1.2265
2026-07-08,pl,Głodówka lecznicza,5,5283708,0.9463
2026-07-09,pl,Głodówka lecznicza,12,5680001,2.1127
2026-07-10,pl,Głodówka lecznicza,11,5567114,1.9759
2026-07-11,pl,Głodówka lecznicza,16,6068137,2.6367
2026-07-12,pl,Głodówka lecznicza,14,6694558,2.0913
2026-07-13,pl,Głodówka lecznicza,25,5865308,4.2624
2026-07-14,pl,Głodówka lecznicza,9,5985740,1.5036
2026-07-15,pl,Głodówka lecznicza,2,6184727,0.3234
2026-07-16,pl,Głodówka lecznicza,3,5601886,0.5355
2026-07-17,pl,Głodówka lecznicza,4,5799834,0.6897
2026-07-18,pl,Głodówka lecznicza,2,5958763,0.3356
2026-07-19,pl,Głodówka lecznicza,4,7302068,0.5478
2026-07-20,pl,Głodówka lecznicza,7,5938688,1.1787
2026-07-21,pl,Głodówka lecznicza,8,5440302,1.4705
2026-07-22,pl,Głodówka lecznicza,1,5413011,0.1847
2026-07-23,pl,Głodówka lecznicza,2,5694285,0.3512
2026-07-24,pl,Głodówka lecznicza,3,5514679,0.5440
2026-07-25,pl,Głodówka lecznicza,3,5312673,0.5647
2026-07-26,pl,Głodówka lecznicza,6,6053612,0.9911
2026-07-27,pl,Głodówka lecznicza,1,5752979,0.1738
2026-07-28,pl,Głodówka lecznicza,4,5425379,0.7373
2026-07-29,pl,Głodówka lecznicza,2,5647676,0.3541
2026-07-30,pl,Głodówka lecznicza,4,5517190,0.7250
2026-07-31,pl,Głodówka lecznicza,4,5469560,0.7313
2026-08-01,pl,Głodówka lecznicza,4,6046290,0.6616
2026-08-02,pl,Głodówka lecznicza,5,6624825,0.7547
2026-08-03,pl,Głodówka lecznicza,1,5453043,0.1834
2026-08-04,pl,Głodówka lecznicza,5,5424980,0.9217
2026-08-05,pl,Głodówka lecznicza,1,5393098,0.1854
2026-08-06,pl,Głodówka lecznicza,0,5476294,0
2026-08-07,pl,Głodówka lecznicza,7,5426070,1.2901
2026-08-08,pl,Głodówka lecznicza,2,5355103,0.3735
2026-08-09,pl,Głodówka lecznicza,5,5958615,0.8391
2026-08-10,pl,Głodówka lecznicza,5,5426119,0.9215
2026-08-11,pl,Głodówka lecznicza,2,5626795,0.3554
2026-08-12,pl,Głodówka lecznicza,3,5304660,0.5655
2026-08-13,pl,Głodówka lecznicza,10,5141331,1.9450
2026-08-14,pl,Głodówka lecznicza,11,5250022,2.0952
2026-08-15,pl,Głodówka lecznicza,5,6579783,0.7599
2026-08-16,pl,Głodówka lecznicza,4,6538374,0.6118
2026-08-17,pl,Głodówka lecznicza,5,6169240,0.8105
2026-08-18,pl,Głodówka lecznicza,2,5726116,0.3493
2026-08-19,pl,Głodówka lecznicza,4,5417085,0.7384
2026-08-20,pl,Głodówka lecznicza,6,5245240,1.1439
2026-08-21,pl,Głodówka lecznicza,4,5288928,0.7563
2026-08-22,pl,Głodówka lecznicza,3,5711268,0.5253
2026-08-23,pl,Głodówka lecznicza,12,6082941,1.9727
2026-08-24,pl,Głodówka lecznicza,8,5530280,1.4466
2026-08-25,pl,Głodówka lecznicza,13,5605144,2.3193
2026-08-26,pl,Głodówka lecznicza,4,5508079,0.7262
2026-08-27,pl,Głodówka lecznicza,2,5533384,0.3614
2026-08-28,pl,Głodówka lecznicza,3,5756689,0.5211
2026-08-29,pl,Głodówka lecznicza,4,5609075,0.7131
2026-08-30,pl,Głodówka lecznicza,3,6150499,0.4878
2026-08-31,pl,Głodówka lecznicza,2,5513720,0.3627
2026-09-01,pl,Głodówka lecznicza,1,5321789,0.1879
2026-09-02,pl,Głodówka lecznicza,2,5412185,0.3695
2026-09-03,pl,Głodówka lecznicza,5,5335691,0.9371
2026-09-04,pl,Głodówka lecznicza,19,5425774,3.5018
2026-09-05,pl,Głodówka lecznicza,7,5818703,1.2030
2026-09-06,pl,Głodówka lecznicza,6,6438364,0.9319
2026-09-07,pl,Głodówka lecznicza,4,5485741,0.7292
2026-09-08,pl,Głodówka lecznicza,9,5325769,1.6899
2026-09-09,pl,Głodówka lecznicza,1,5396394,0.1853
2026-09-10,pl,Głodówka lecznicza,10,5546382,1.8030
2026-09-11,pl,Głodówka lecznicza,14,5965751,2.3467
2026-09-12,pl,Głodówka lecznicza,6,5681183,1.0561
2026-09-13,pl,Głodówka lecznicza,2,6493277,0.3080
2026-09-14,pl,Głodówka lecznicza,6,5437977,1.1034
2026-09-15,pl,Głodówka lecznicza,5,5127892,0.9751
2026-09-16,pl,Głodówka lecznicza,2,5226643,0.3827
2026-09-17,pl,Głodówka lecznicza,4,5488095,0.7289
2026-09-18,pl,Głodówka lecznicza,4,5137255,0.7786
2026-09-19,pl,Głodówka lecznicza,3,5341533,0.5616
2026-09-20,pl,Głodówka lecznicza,4,6407672,0.6243
2026-09-21,pl,Głodówka lecznicza,3,5656307,0.5304
